"flightNumber","departureDate","requestDate","origin","destination","pmin","priceChangeRel","priceChangeAbs","pr","pcm","priceChangeRelBoolean","priceChangeAbsBoolean"
"LX316",2016-06-07,2016-05-10,"ZRH","LHR",147.87,1,1,1,147.87,0,0
"LX316",2016-06-07,2016-05-11,"ZRH","LHR",148.28,1.00277270575506,1.00277270575506,2,147.87,1,1
"LX316",2016-06-07,2016-05-12,"ZRH","LHR",148.41,1.00087671971945,1.00365185636032,3,147.87,1,1
"LX316",2016-06-07,2016-05-13,"ZRH","LHR",148.78,1.00249309345731,1.00615405423683,4,147.87,1,1
"LX316",2016-06-07,2016-05-14,"ZRH","LHR",152.63,1.02587713402339,1.03219043754649,6,147.87,1,1
"LX316",2016-06-07,2016-05-15,"ZRH","LHR",152.63,1,1.03219043754649,6,147.87,0,1
"LX316",2016-06-07,2016-05-16,"ZRH","LHR",149.4,0.978837712114263,1.01034692635423,5,147.87,-1,1
"LX316",2016-06-07,2016-05-17,"ZRH","LHR",152.63,1.02161981258367,1.03219043754649,6,147.87,1,1
"LX316",2016-06-07,2016-05-18,"ZRH","LHR",152.63,1,1.03219043754649,6,147.87,0,1
"LX316",2016-06-07,2016-05-19,"ZRH","LHR",152.63,1,1.03219043754649,6,147.87,0,1
"LX316",2016-06-07,2016-05-20,"ZRH","LHR",152.63,1,1.03219043754649,6,147.87,0,1
"LX316",2016-06-07,2016-05-21,"ZRH","LHR",152.63,1,1.03219043754649,6,147.87,0,1
"LX316",2016-06-07,2016-05-22,"ZRH","LHR",152.63,1,1.03219043754649,6,147.87,0,1
"LX316",2016-06-07,2016-05-23,"ZRH","LHR",152.63,1,1.03219043754649,6,147.87,0,1
"LX316",2016-06-07,2016-05-24,"ZRH","LHR",167.5,1.09742514577737,1.13275174139447,7,147.87,1,1
"LX316",2016-06-07,2016-05-25,"ZRH","LHR",175.92,1.05026865671642,1.18969364982755,8,147.87,1,1
"LX316",2016-06-07,2016-05-26,"ZRH","LHR",175.92,1,1.18969364982755,8,147.87,0,1
"LX316",2016-06-07,2016-05-27,"ZRH","LHR",175.92,1,1.18969364982755,8,147.87,0,1
"LX316",2016-06-07,2016-05-28,"ZRH","LHR",179.3,1.01921327876307,1.21255156556435,9,147.87,1,1
"LX316",2016-06-07,2016-05-29,"ZRH","LHR",189.52,1.05699944227552,1.28166632853182,10,147.87,1,1
"LX316",2016-06-07,2016-05-30,"ZRH","LHR",179.3,0.946074292950612,1.21255156556435,9,147.87,-1,1
"LX316",2016-06-07,2016-05-31,"ZRH","LHR",203.36,1.13418851087563,1.37526205450734,12,147.87,1,1
"LX316",2016-06-07,2016-06-01,"ZRH","LHR",200.17,0.984313532651455,1.35368905119362,11,147.87,-1,1
"LX316",2016-06-07,2016-06-02,"ZRH","LHR",208.4,1.04111505220563,1.40934604720362,13,147.87,1,1
"LX316",2016-06-07,2016-06-03,"ZRH","LHR",208.4,1,1.40934604720362,13,147.87,0,1
"LX316",2016-06-07,2016-06-04,"ZRH","LHR",217.15,1.04198656429942,1.46851964563468,14,147.87,1,1
"LX316",2016-06-07,2016-06-05,"ZRH","LHR",248.46,1.14418604651163,1.6802596875634,15,147.87,1,1
"LX316",2016-06-07,2016-06-06,"ZRH","LHR",256.71,1.03320453996619,1.73605193751268,16,147.87,1,1
"LX316",2016-06-08,2016-05-11,"ZRH","LHR",148.28,1,1,2,148.28,0,0
"LX316",2016-06-08,2016-05-12,"ZRH","LHR",148.41,1.00087671971945,1.00087671971945,3,148.28,1,1
"LX316",2016-06-08,2016-05-13,"ZRH","LHR",147.93,0.996765716595917,0.997639600755328,1,147.93,-1,-1
"LX316",2016-06-08,2016-05-14,"ZRH","LHR",152.63,1.03177178395187,1.02933639061235,4,147.93,1,1
"LX316",2016-06-08,2016-05-15,"ZRH","LHR",152.63,1,1.02933639061235,4,147.93,0,1
"LX316",2016-06-08,2016-05-16,"ZRH","LHR",152.63,1,1.02933639061235,4,147.93,0,1
"LX316",2016-06-08,2016-05-17,"ZRH","LHR",152.63,1,1.02933639061235,4,147.93,0,1
"LX316",2016-06-08,2016-05-18,"ZRH","LHR",152.63,1,1.02933639061235,4,147.93,0,1
"LX316",2016-06-08,2016-05-19,"ZRH","LHR",152.63,1,1.02933639061235,4,147.93,0,1
"LX316",2016-06-08,2016-05-20,"ZRH","LHR",152.63,1,1.02933639061235,4,147.93,0,1
"LX316",2016-06-08,2016-05-21,"ZRH","LHR",152.63,1,1.02933639061235,4,147.93,0,1
"LX316",2016-06-08,2016-05-22,"ZRH","LHR",152.63,1,1.02933639061235,4,147.93,0,1
"LX316",2016-06-08,2016-05-23,"ZRH","LHR",152.63,1,1.02933639061235,4,147.93,0,1
"LX316",2016-06-08,2016-05-24,"ZRH","LHR",152.63,1,1.02933639061235,4,147.93,0,1
"LX316",2016-06-08,2016-05-25,"ZRH","LHR",175.92,1.15259123370242,1.18640410035069,5,147.93,1,1
"LX316",2016-06-08,2016-05-26,"ZRH","LHR",175.92,1,1.18640410035069,5,147.93,0,1
"LX316",2016-06-08,2016-05-27,"ZRH","LHR",175.92,1,1.18640410035069,5,147.93,0,1
"LX316",2016-06-08,2016-05-28,"ZRH","LHR",175.92,1,1.18640410035069,5,147.93,0,1
"LX316",2016-06-08,2016-05-29,"ZRH","LHR",175.92,1,1.18640410035069,5,147.93,0,1
"LX316",2016-06-08,2016-05-30,"ZRH","LHR",175.92,1,1.18640410035069,5,147.93,0,1
"LX316",2016-06-08,2016-05-31,"ZRH","LHR",175.92,1,1.18640410035069,5,147.93,0,1
"LX316",2016-06-08,2016-06-01,"ZRH","LHR",195,1.10845839017735,1.31507957917453,6,147.93,1,1
"LX316",2016-06-08,2016-06-02,"ZRH","LHR",208.4,1.06871794871795,1.40544915025627,7,147.93,1,1
"LX316",2016-06-08,2016-06-03,"ZRH","LHR",213.3,1.02351247600768,1.43849473968168,8,147.93,1,1
"LX316",2016-06-08,2016-06-04,"ZRH","LHR",237.4,1.11298640412564,1.60102508767197,9,147.93,1,1
"LX316",2016-06-08,2016-06-05,"ZRH","LHR",237.4,1,1.60102508767197,9,147.93,0,1
"LX316",2016-06-08,2016-06-06,"ZRH","LHR",237.4,1,1.60102508767197,9,147.93,0,1
"LX316",2016-06-08,2016-06-07,"ZRH","LHR",247.14,1.04102780117944,1.66671162665228,10,147.93,1,1
"LX316",2016-06-09,2016-05-12,"ZRH","LHR",147.43,1,1,1,147.43,0,0
"LX316",2016-06-09,2016-05-13,"ZRH","LHR",147.92,1.00332361120532,1.00332361120532,2,147.43,1,1
"LX316",2016-06-09,2016-05-14,"ZRH","LHR",152.63,1.03184153596539,1.03527097605643,3,147.43,1,1
"LX316",2016-06-09,2016-05-15,"ZRH","LHR",152.63,1,1.03527097605643,3,147.43,0,1
"LX316",2016-06-09,2016-05-16,"ZRH","LHR",152.63,1,1.03527097605643,3,147.43,0,1
"LX316",2016-06-09,2016-05-17,"ZRH","LHR",152.63,1,1.03527097605643,3,147.43,0,1
"LX316",2016-06-09,2016-05-18,"ZRH","LHR",152.63,1,1.03527097605643,3,147.43,0,1
"LX316",2016-06-09,2016-05-19,"ZRH","LHR",155.13,1.01637947978772,1.05222817608357,4,147.43,1,1
"LX316",2016-06-09,2016-05-20,"ZRH","LHR",175.92,1.13401663121253,1.19324425150919,6,147.43,1,1
"LX316",2016-06-09,2016-05-21,"ZRH","LHR",175.92,1,1.19324425150919,6,147.43,0,1
"LX316",2016-06-09,2016-05-22,"ZRH","LHR",175.92,1,1.19324425150919,6,147.43,0,1
"LX316",2016-06-09,2016-05-23,"ZRH","LHR",175.92,1,1.19324425150919,6,147.43,0,1
"LX316",2016-06-09,2016-05-24,"ZRH","LHR",175.92,1,1.19324425150919,6,147.43,0,1
"LX316",2016-06-09,2016-05-25,"ZRH","LHR",175.92,1,1.19324425150919,6,147.43,0,1
"LX316",2016-06-09,2016-05-26,"ZRH","LHR",175.92,1,1.19324425150919,6,147.43,0,1
"LX316",2016-06-09,2016-05-27,"ZRH","LHR",175.92,1,1.19324425150919,6,147.43,0,1
"LX316",2016-06-09,2016-05-28,"ZRH","LHR",175.92,1,1.19324425150919,6,147.43,0,1
"LX316",2016-06-09,2016-05-29,"ZRH","LHR",175.92,1,1.19324425150919,6,147.43,0,1
"LX316",2016-06-09,2016-05-30,"ZRH","LHR",175.92,1,1.19324425150919,6,147.43,0,1
"LX316",2016-06-09,2016-05-31,"ZRH","LHR",175.92,1,1.19324425150919,6,147.43,0,1
"LX316",2016-06-09,2016-06-01,"ZRH","LHR",175.52,0.997726239199636,1.19053109950485,5,147.43,-1,1
"LX316",2016-06-09,2016-06-02,"ZRH","LHR",195,1.11098450319052,1.32266160211626,7,147.43,1,1
"LX316",2016-06-09,2016-06-03,"ZRH","LHR",208.4,1.06871794871795,1.41355219426168,8,147.43,1,1
"LX316",2016-06-09,2016-06-04,"ZRH","LHR",217.15,1.04198656429942,1.47290239435664,9,147.43,1,1
"LX316",2016-06-09,2016-06-05,"ZRH","LHR",236.3,1.0881878885563,1.60279454656447,10,147.43,1,1
"LX316",2016-06-09,2016-06-06,"ZRH","LHR",237.4,1.00465509944985,1.61025571457641,11,147.43,1,1
"LX316",2016-06-09,2016-06-07,"ZRH","LHR",237.4,1,1.61025571457641,11,147.43,0,1
"LX316",2016-06-09,2016-06-08,"ZRH","LHR",247.86,1.04406065711879,1.68120463948993,12,147.43,1,1
"LX316",2016-06-10,2016-05-13,"ZRH","LHR",174.49,1,1,1,174.49,0,0
"LX316",2016-06-10,2016-05-14,"ZRH","LHR",174.81,1.00183391598372,1.00183391598372,2,174.49,1,1
"LX316",2016-06-10,2016-05-15,"ZRH","LHR",174.81,1,1.00183391598372,2,174.49,0,1
"LX316",2016-06-10,2016-05-16,"ZRH","LHR",174.81,1,1.00183391598372,2,174.49,0,1
"LX316",2016-06-10,2016-05-17,"ZRH","LHR",208.9,1.19501172701791,1.19720327812482,5,174.49,1,1
"LX316",2016-06-10,2016-05-18,"ZRH","LHR",208.9,1,1.19720327812482,5,174.49,0,1
"LX316",2016-06-10,2016-05-19,"ZRH","LHR",175.92,0.842125418860699,1.00819531205227,3,174.49,-1,1
"LX316",2016-06-10,2016-05-20,"ZRH","LHR",195,1.10845839017735,1.11754255258181,4,174.49,1,1
"LX316",2016-06-10,2016-05-21,"ZRH","LHR",208.9,1.07128205128205,1.19720327812482,5,174.49,1,1
"LX316",2016-06-10,2016-05-22,"ZRH","LHR",208.9,1,1.19720327812482,5,174.49,0,1
"LX316",2016-06-10,2016-05-23,"ZRH","LHR",208.9,1,1.19720327812482,5,174.49,0,1
"LX316",2016-06-10,2016-05-24,"ZRH","LHR",208.9,1,1.19720327812482,5,174.49,0,1
"LX316",2016-06-10,2016-05-25,"ZRH","LHR",208.9,1,1.19720327812482,5,174.49,0,1
"LX316",2016-06-10,2016-05-26,"ZRH","LHR",208.9,1,1.19720327812482,5,174.49,0,1
"LX316",2016-06-10,2016-05-27,"ZRH","LHR",237.98,1.13920536141695,1.36386039314574,7,174.49,1,1
"LX316",2016-06-10,2016-05-28,"ZRH","LHR",237.98,1,1.36386039314574,7,174.49,0,1
"LX316",2016-06-10,2016-05-29,"ZRH","LHR",237.98,1,1.36386039314574,7,174.49,0,1
"LX316",2016-06-10,2016-05-30,"ZRH","LHR",237.98,1,1.36386039314574,7,174.49,0,1
"LX316",2016-06-10,2016-05-31,"ZRH","LHR",237.98,1,1.36386039314574,7,174.49,0,1
"LX316",2016-06-10,2016-06-01,"ZRH","LHR",237.4,0.997562820405076,1.36053642042524,6,174.49,-1,1
"LX316",2016-06-10,2016-06-02,"ZRH","LHR",237.4,1,1.36053642042524,6,174.49,0,1
"LX316",2016-06-10,2016-06-03,"ZRH","LHR",256.71,1.08133951137321,1.47120178806808,9,174.49,1,1
"LX316",2016-06-10,2016-06-04,"ZRH","LHR",243.3,0.947762066144677,1.39434924637515,8,174.49,-1,1
"LX316",2016-06-10,2016-06-05,"ZRH","LHR",256.71,1.05511713933416,1.47120178806808,9,174.49,1,1
"LX316",2016-06-10,2016-06-06,"ZRH","LHR",256.71,1,1.47120178806808,9,174.49,0,1
"LX316",2016-06-10,2016-06-07,"ZRH","LHR",256.71,1,1.47120178806808,9,174.49,0,1
"LX316",2016-06-10,2016-06-08,"ZRH","LHR",256.71,1,1.47120178806808,9,174.49,0,1
"LX316",2016-06-10,2016-06-09,"ZRH","LHR",256.71,1,1.47120178806808,9,174.49,0,1
"LX316",2016-06-11,2016-05-14,"ZRH","LHR",175.92,1,1,8,175.92,0,0
"LX316",2016-06-11,2016-05-15,"ZRH","LHR",175.92,1,1,8,175.92,0,0
"LX316",2016-06-11,2016-05-16,"ZRH","LHR",152.63,0.867610277398818,0.867610277398818,5,152.63,-1,-1
"LX316",2016-06-11,2016-05-17,"ZRH","LHR",152.63,1,0.867610277398818,5,152.63,0,-1
"LX316",2016-06-11,2016-05-18,"ZRH","LHR",152.63,1,0.867610277398818,5,152.63,0,-1
"LX316",2016-06-11,2016-05-19,"ZRH","LHR",152.63,1,0.867610277398818,5,152.63,0,-1
"LX316",2016-06-11,2016-05-20,"ZRH","LHR",153.03,1.00262071676604,0.869884038199181,6,152.63,1,-1
"LX316",2016-06-11,2016-05-21,"ZRH","LHR",111,0.725347970986081,0.630968622100955,1,111,-1,-1
"LX316",2016-06-11,2016-05-22,"ZRH","LHR",111,1,0.630968622100955,1,111,0,-1
"LX316",2016-06-11,2016-05-23,"ZRH","LHR",111,1,0.630968622100955,1,111,0,-1
"LX316",2016-06-11,2016-05-24,"ZRH","LHR",111,1,0.630968622100955,1,111,0,-1
"LX316",2016-06-11,2016-05-25,"ZRH","LHR",111,1,0.630968622100955,1,111,0,-1
"LX316",2016-06-11,2016-05-26,"ZRH","LHR",111,1,0.630968622100955,1,111,0,-1
"LX316",2016-06-11,2016-05-27,"ZRH","LHR",111,1,0.630968622100955,1,111,0,-1
"LX316",2016-06-11,2016-05-28,"ZRH","LHR",111,1,0.630968622100955,1,111,0,-1
"LX316",2016-06-11,2016-05-29,"ZRH","LHR",121.76,1.09693693693694,0.692132787630741,2,111,1,-1
"LX316",2016-06-11,2016-05-30,"ZRH","LHR",121.76,1,0.692132787630741,2,111,0,-1
"LX316",2016-06-11,2016-05-31,"ZRH","LHR",111,0.911629434954008,0.630968622100955,1,111,-1,-1
"LX316",2016-06-11,2016-06-01,"ZRH","LHR",111,1,0.630968622100955,1,111,0,-1
"LX316",2016-06-11,2016-06-02,"ZRH","LHR",111,1,0.630968622100955,1,111,0,-1
"LX316",2016-06-11,2016-06-03,"ZRH","LHR",122.75,1.10585585585586,0.697760345611642,3,111,1,-1
"LX316",2016-06-11,2016-06-04,"ZRH","LHR",111,0.904276985743381,0.630968622100955,1,111,-1,-1
"LX316",2016-06-11,2016-06-05,"ZRH","LHR",111,1,0.630968622100955,1,111,0,-1
"LX316",2016-06-11,2016-06-06,"ZRH","LHR",152.28,1.37189189189189,0.865620736698499,4,111,1,-1
"LX316",2016-06-11,2016-06-07,"ZRH","LHR",152.28,1,0.865620736698499,4,111,0,-1
"LX316",2016-06-11,2016-06-08,"ZRH","LHR",175.52,1.15261360651432,0.997726239199636,7,111,1,-1
"LX316",2016-06-11,2016-06-09,"ZRH","LHR",175.52,1,0.997726239199636,7,111,0,-1
"LX316",2016-06-11,2016-06-10,"ZRH","LHR",179.3,1.02153600729262,1.01921327876307,9,111,1,1
"LX316",2016-06-12,2016-05-15,"ZRH","LHR",208.9,1,1,8,208.9,0,0
"LX316",2016-06-12,2016-05-16,"ZRH","LHR",208.9,1,1,8,208.9,0,0
"LX316",2016-06-12,2016-05-17,"ZRH","LHR",208.9,1,1,8,208.9,0,0
"LX316",2016-06-12,2016-05-18,"ZRH","LHR",208.9,1,1,8,208.9,0,0
"LX316",2016-06-12,2016-05-19,"ZRH","LHR",208.9,1,1,8,208.9,0,0
"LX316",2016-06-12,2016-05-20,"ZRH","LHR",208.9,1,1,8,208.9,0,0
"LX316",2016-06-12,2016-05-21,"ZRH","LHR",208.9,1,1,8,208.9,0,0
"LX316",2016-06-12,2016-05-22,"ZRH","LHR",208.9,1,1,8,208.9,0,0
"LX316",2016-06-12,2016-05-23,"ZRH","LHR",208.9,1,1,8,208.9,0,0
"LX316",2016-06-12,2016-05-24,"ZRH","LHR",208.9,1,1,8,208.9,0,0
"LX316",2016-06-12,2016-05-25,"ZRH","LHR",208.9,1,1,8,208.9,0,0
"LX316",2016-06-12,2016-05-26,"ZRH","LHR",208.9,1,1,8,208.9,0,0
"LX316",2016-06-12,2016-05-27,"ZRH","LHR",208.9,1,1,8,208.9,0,0
"LX316",2016-06-12,2016-05-28,"ZRH","LHR",208.9,1,1,8,208.9,0,0
"LX316",2016-06-12,2016-05-29,"ZRH","LHR",208.9,1,1,8,208.9,0,0
"LX316",2016-06-12,2016-05-30,"ZRH","LHR",179.3,0.85830540928674,0.85830540928674,6,179.3,-1,-1
"LX316",2016-06-12,2016-05-31,"ZRH","LHR",175.52,0.978918014500837,0.840210627094303,5,175.52,-1,-1
"LX316",2016-06-12,2016-06-01,"ZRH","LHR",125.3,0.713878760255242,0.59980852082336,3,125.3,-1,-1
"LX316",2016-06-12,2016-06-02,"ZRH","LHR",111,0.885873902633679,0.531354715174725,1,111,-1,-1
"LX316",2016-06-12,2016-06-03,"ZRH","LHR",111,1,0.531354715174725,1,111,0,-1
"LX316",2016-06-12,2016-06-04,"ZRH","LHR",122.75,1.10585585585586,0.58760172331259,2,111,1,-1
"LX316",2016-06-12,2016-06-05,"ZRH","LHR",152.28,1.24057026476578,0.72896122546673,4,111,1,-1
"LX316",2016-06-12,2016-06-06,"ZRH","LHR",152.28,1,0.72896122546673,4,111,0,-1
"LX316",2016-06-12,2016-06-07,"ZRH","LHR",152.28,1,0.72896122546673,4,111,0,-1
"LX316",2016-06-12,2016-06-08,"ZRH","LHR",152.28,1,0.72896122546673,4,111,0,-1
"LX316",2016-06-12,2016-06-09,"ZRH","LHR",175.52,1.15261360651432,0.840210627094303,5,111,1,-1
"LX316",2016-06-12,2016-06-10,"ZRH","LHR",175.52,1,0.840210627094303,5,111,0,-1
"LX316",2016-06-12,2016-06-11,"ZRH","LHR",208.4,1.1873290793072,0.997606510292006,7,111,1,-1
"LX316",2016-06-13,2016-05-16,"ZRH","LHR",208.9,1,1,6,208.9,0,0
"LX316",2016-06-13,2016-05-17,"ZRH","LHR",208.9,1,1,6,208.9,0,0
"LX316",2016-06-13,2016-05-18,"ZRH","LHR",216.46,1.03618956438487,1.03618956438487,9,208.9,1,1
"LX316",2016-06-13,2016-05-19,"ZRH","LHR",241.94,1.11771227940497,1.15816179990426,12,208.9,1,1
"LX316",2016-06-13,2016-05-20,"ZRH","LHR",208.9,0.863437215838638,1,6,208.9,-1,0
"LX316",2016-06-13,2016-05-21,"ZRH","LHR",208.9,1,1,6,208.9,0,0
"LX316",2016-06-13,2016-05-22,"ZRH","LHR",208.9,1,1,6,208.9,0,0
"LX316",2016-06-13,2016-05-23,"ZRH","LHR",208.9,1,1,6,208.9,0,0
"LX316",2016-06-13,2016-05-24,"ZRH","LHR",208.9,1,1,6,208.9,0,0
"LX316",2016-06-13,2016-05-25,"ZRH","LHR",208.9,1,1,6,208.9,0,0
"LX316",2016-06-13,2016-05-26,"ZRH","LHR",208.9,1,1,6,208.9,0,0
"LX316",2016-06-13,2016-05-27,"ZRH","LHR",237.98,1.13920536141695,1.13920536141695,11,208.9,1,1
"LX316",2016-06-13,2016-05-28,"ZRH","LHR",213.3,0.896293806202202,1.02106270943035,7,208.9,-1,1
"LX316",2016-06-13,2016-05-29,"ZRH","LHR",180.53,0.846366619784341,0.864193393968406,3,180.53,-1,-1
"LX316",2016-06-13,2016-05-30,"ZRH","LHR",175.92,0.974464077992577,0.842125418860699,1,175.92,-1,-1
"LX316",2016-06-13,2016-05-31,"ZRH","LHR",178.01,1.0118804001819,0.852130205840115,2,175.92,1,-1
"LX316",2016-06-13,2016-06-01,"ZRH","LHR",208.4,1.1707207460255,0.997606510292006,5,175.92,1,-1
"LX316",2016-06-13,2016-06-02,"ZRH","LHR",183.5,0.880518234165067,0.878410722833892,4,175.92,-1,-1
"LX316",2016-06-13,2016-06-03,"ZRH","LHR",208.4,1.13569482288828,0.997606510292006,5,175.92,1,-1
"LX316",2016-06-13,2016-06-04,"ZRH","LHR",208.4,1,0.997606510292006,5,175.92,0,-1
"LX316",2016-06-13,2016-06-05,"ZRH","LHR",208.4,1,0.997606510292006,5,175.92,0,-1
"LX316",2016-06-13,2016-06-06,"ZRH","LHR",208.9,1.00239923224568,1,6,175.92,1,0
"LX316",2016-06-13,2016-06-07,"ZRH","LHR",208.4,0.997606510292006,0.997606510292006,5,175.92,-1,-1
"LX316",2016-06-13,2016-06-08,"ZRH","LHR",215.43,1.03373320537428,1.03125897558641,8,175.92,1,1
"LX316",2016-06-13,2016-06-09,"ZRH","LHR",237.4,1.10198208234693,1.13642891335567,10,175.92,1,1
"LX316",2016-06-13,2016-06-10,"ZRH","LHR",256.71,1.08133951137321,1.22886548587841,13,175.92,1,1
"LX316",2016-06-13,2016-06-11,"ZRH","LHR",256.71,1,1.22886548587841,13,175.92,0,1
"LX316",2016-06-13,2016-06-12,"ZRH","LHR",270.2,1.05254956955319,1.2934418382001,14,175.92,1,1
"LX316",2016-06-14,2016-05-17,"ZRH","LHR",152.63,1,1,1,152.63,0,0
"LX316",2016-06-14,2016-05-18,"ZRH","LHR",152.63,1,1,1,152.63,0,0
"LX316",2016-06-14,2016-05-19,"ZRH","LHR",152.63,1,1,1,152.63,0,0
"LX316",2016-06-14,2016-05-20,"ZRH","LHR",152.63,1,1,1,152.63,0,0
"LX316",2016-06-14,2016-05-21,"ZRH","LHR",152.63,1,1,1,152.63,0,0
"LX316",2016-06-14,2016-05-22,"ZRH","LHR",152.63,1,1,1,152.63,0,0
"LX316",2016-06-14,2016-05-23,"ZRH","LHR",152.63,1,1,1,152.63,0,0
"LX316",2016-06-14,2016-05-24,"ZRH","LHR",152.63,1,1,1,152.63,0,0
"LX316",2016-06-14,2016-05-25,"ZRH","LHR",152.63,1,1,1,152.63,0,0
"LX316",2016-06-14,2016-05-26,"ZRH","LHR",152.63,1,1,1,152.63,0,0
"LX316",2016-06-14,2016-05-27,"ZRH","LHR",152.63,1,1,1,152.63,0,0
"LX316",2016-06-14,2016-05-28,"ZRH","LHR",152.63,1,1,1,152.63,0,0
"LX316",2016-06-14,2016-05-29,"ZRH","LHR",152.63,1,1,1,152.63,0,0
"LX316",2016-06-14,2016-05-30,"ZRH","LHR",152.63,1,1,1,152.63,0,0
"LX316",2016-06-14,2016-05-31,"ZRH","LHR",175.92,1.15259123370242,1.15259123370242,3,152.63,1,1
"LX316",2016-06-14,2016-06-01,"ZRH","LHR",175.52,0.997726239199636,1.14997051693638,2,152.63,-1,1
"LX316",2016-06-14,2016-06-02,"ZRH","LHR",175.52,1,1.14997051693638,2,152.63,0,1
"LX316",2016-06-14,2016-06-03,"ZRH","LHR",175.52,1,1.14997051693638,2,152.63,0,1
"LX316",2016-06-14,2016-06-04,"ZRH","LHR",179.3,1.02153600729262,1.17473629037542,6,152.63,1,1
"LX316",2016-06-14,2016-06-05,"ZRH","LHR",179.3,1,1.17473629037542,6,152.63,0,1
"LX316",2016-06-14,2016-06-06,"ZRH","LHR",178.01,0.992805354155047,1.16628447880495,4,152.63,-1,1
"LX316",2016-06-14,2016-06-07,"ZRH","LHR",179,1.00556148530981,1.17277075280089,5,152.63,1,1
"LX316",2016-06-14,2016-06-08,"ZRH","LHR",201.65,1.12653631284916,1.32116883967765,7,152.63,1,1
"LX316",2016-06-14,2016-06-09,"ZRH","LHR",208.4,1.03347384081329,1.3653934351045,8,152.63,1,1
"LX316",2016-06-14,2016-06-10,"ZRH","LHR",208.4,1,1.3653934351045,8,152.63,0,1
"LX316",2016-06-14,2016-06-11,"ZRH","LHR",237.4,1.13915547024952,1.55539540064208,9,152.63,1,1
"LX316",2016-06-14,2016-06-12,"ZRH","LHR",256.71,1.08133951137321,1.68191050252244,10,152.63,1,1
"LX316",2016-06-14,2016-06-13,"ZRH","LHR",256.71,1,1.68191050252244,10,152.63,0,1
"LX316",2016-06-15,2016-05-18,"ZRH","LHR",152.63,1,1,1,152.63,0,0
"LX316",2016-06-15,2016-05-19,"ZRH","LHR",152.63,1,1,1,152.63,0,0
"LX316",2016-06-15,2016-05-20,"ZRH","LHR",152.63,1,1,1,152.63,0,0
"LX316",2016-06-15,2016-05-21,"ZRH","LHR",152.63,1,1,1,152.63,0,0
"LX316",2016-06-15,2016-05-22,"ZRH","LHR",152.63,1,1,1,152.63,0,0
"LX316",2016-06-15,2016-05-23,"ZRH","LHR",152.63,1,1,1,152.63,0,0
"LX316",2016-06-15,2016-05-24,"ZRH","LHR",152.63,1,1,1,152.63,0,0
"LX316",2016-06-15,2016-05-25,"ZRH","LHR",152.63,1,1,1,152.63,0,0
"LX316",2016-06-15,2016-05-26,"ZRH","LHR",152.63,1,1,1,152.63,0,0
"LX316",2016-06-15,2016-05-27,"ZRH","LHR",152.63,1,1,1,152.63,0,0
"LX316",2016-06-15,2016-05-28,"ZRH","LHR",152.63,1,1,1,152.63,0,0
"LX316",2016-06-15,2016-05-29,"ZRH","LHR",152.63,1,1,1,152.63,0,0
"LX316",2016-06-15,2016-05-30,"ZRH","LHR",152.63,1,1,1,152.63,0,0
"LX316",2016-06-15,2016-05-31,"ZRH","LHR",175.92,1.15259123370242,1.15259123370242,3,152.63,1,1
"LX316",2016-06-15,2016-06-01,"ZRH","LHR",175.52,0.997726239199636,1.14997051693638,2,152.63,-1,1
"LX316",2016-06-15,2016-06-02,"ZRH","LHR",175.52,1,1.14997051693638,2,152.63,0,1
"LX316",2016-06-15,2016-06-03,"ZRH","LHR",175.52,1,1.14997051693638,2,152.63,0,1
"LX316",2016-06-15,2016-06-04,"ZRH","LHR",175.52,1,1.14997051693638,2,152.63,0,1
"LX316",2016-06-15,2016-06-05,"ZRH","LHR",175.52,1,1.14997051693638,2,152.63,0,1
"LX316",2016-06-15,2016-06-06,"ZRH","LHR",175.52,1,1.14997051693638,2,152.63,0,1
"LX316",2016-06-15,2016-06-07,"ZRH","LHR",175.52,1,1.14997051693638,2,152.63,0,1
"LX316",2016-06-15,2016-06-08,"ZRH","LHR",195,1.11098450319052,1.27759942344231,4,152.63,1,1
"LX316",2016-06-15,2016-06-09,"ZRH","LHR",208.4,1.06871794871795,1.3653934351045,5,152.63,1,1
"LX316",2016-06-15,2016-06-10,"ZRH","LHR",231.57,1.11118042226488,1.51719845377711,7,152.63,1,1
"LX316",2016-06-15,2016-06-11,"ZRH","LHR",213.3,0.921103769918383,1.39749721548844,6,152.63,-1,1
"LX316",2016-06-15,2016-06-12,"ZRH","LHR",237.4,1.11298640412564,1.55539540064208,8,152.63,1,1
"LX316",2016-06-15,2016-06-13,"ZRH","LHR",237.4,1,1.55539540064208,8,152.63,0,1
"LX316",2016-06-15,2016-06-14,"ZRH","LHR",247.3,1.04170176916596,1.62025814060145,9,152.63,1,1
"LX316",2016-06-16,2016-05-19,"ZRH","LHR",195,1,1,3,195,0,0
"LX316",2016-06-16,2016-05-20,"ZRH","LHR",208.9,1.07128205128205,1.07128205128205,5,195,1,1
"LX316",2016-06-16,2016-05-21,"ZRH","LHR",208.9,1,1.07128205128205,5,195,0,1
"LX316",2016-06-16,2016-05-22,"ZRH","LHR",208.9,1,1.07128205128205,5,195,0,1
"LX316",2016-06-16,2016-05-23,"ZRH","LHR",208.9,1,1.07128205128205,5,195,0,1
"LX316",2016-06-16,2016-05-24,"ZRH","LHR",208.9,1,1.07128205128205,5,195,0,1
"LX316",2016-06-16,2016-05-25,"ZRH","LHR",208.9,1,1.07128205128205,5,195,0,1
"LX316",2016-06-16,2016-05-26,"ZRH","LHR",208.9,1,1.07128205128205,5,195,0,1
"LX316",2016-06-16,2016-05-27,"ZRH","LHR",208.9,1,1.07128205128205,5,195,0,1
"LX316",2016-06-16,2016-05-28,"ZRH","LHR",208.9,1,1.07128205128205,5,195,0,1
"LX316",2016-06-16,2016-05-29,"ZRH","LHR",208.9,1,1.07128205128205,5,195,0,1
"LX316",2016-06-16,2016-05-30,"ZRH","LHR",208.9,1,1.07128205128205,5,195,0,1
"LX316",2016-06-16,2016-05-31,"ZRH","LHR",208.4,0.997606510292006,1.06871794871795,4,195,-1,1
"LX316",2016-06-16,2016-06-01,"ZRH","LHR",190.42,0.913723608445297,0.97651282051282,2,190.42,-1,-1
"LX316",2016-06-16,2016-06-02,"ZRH","LHR",175.52,0.921751916815461,0.900102564102564,1,175.52,-1,-1
"LX316",2016-06-16,2016-06-03,"ZRH","LHR",175.52,1,0.900102564102564,1,175.52,0,-1
"LX316",2016-06-16,2016-06-04,"ZRH","LHR",175.52,1,0.900102564102564,1,175.52,0,-1
"LX316",2016-06-16,2016-06-05,"ZRH","LHR",175.52,1,0.900102564102564,1,175.52,0,-1
"LX316",2016-06-16,2016-06-06,"ZRH","LHR",175.52,1,0.900102564102564,1,175.52,0,-1
"LX316",2016-06-16,2016-06-07,"ZRH","LHR",175.52,1,0.900102564102564,1,175.52,0,-1
"LX316",2016-06-16,2016-06-08,"ZRH","LHR",175.52,1,0.900102564102564,1,175.52,0,-1
"LX316",2016-06-16,2016-06-09,"ZRH","LHR",195,1.11098450319052,1,3,175.52,1,0
"LX316",2016-06-16,2016-06-10,"ZRH","LHR",208.4,1.06871794871795,1.06871794871795,4,175.52,1,1
"LX316",2016-06-16,2016-06-11,"ZRH","LHR",216.18,1.0373320537428,1.10861538461538,6,175.52,1,1
"LX316",2016-06-16,2016-06-12,"ZRH","LHR",230.56,1.06651864187251,1.18235897435897,7,175.52,1,1
"LX316",2016-06-16,2016-06-13,"ZRH","LHR",237.4,1.02966689798751,1.2174358974359,8,175.52,1,1
"LX316",2016-06-16,2016-06-14,"ZRH","LHR",237.4,1,1.2174358974359,8,175.52,0,1
"LX316",2016-06-16,2016-06-15,"ZRH","LHR",256.71,1.08133951137321,1.31646153846154,9,175.52,1,1
"LX316",2016-06-17,2016-05-20,"ZRH","LHR",208.9,1,1,1,208.9,0,0
"LX316",2016-06-17,2016-05-21,"ZRH","LHR",208.9,1,1,1,208.9,0,0
"LX316",2016-06-17,2016-05-22,"ZRH","LHR",208.9,1,1,1,208.9,0,0
"LX316",2016-06-17,2016-05-23,"ZRH","LHR",208.9,1,1,1,208.9,0,0
"LX316",2016-06-17,2016-05-24,"ZRH","LHR",208.9,1,1,1,208.9,0,0
"LX316",2016-06-17,2016-05-25,"ZRH","LHR",208.9,1,1,1,208.9,0,0
"LX316",2016-06-17,2016-05-26,"ZRH","LHR",208.9,1,1,1,208.9,0,0
"LX316",2016-06-17,2016-05-27,"ZRH","LHR",208.9,1,1,1,208.9,0,0
"LX316",2016-06-17,2016-05-28,"ZRH","LHR",208.9,1,1,1,208.9,0,0
"LX316",2016-06-17,2016-05-29,"ZRH","LHR",208.9,1,1,1,208.9,0,0
"LX316",2016-06-17,2016-05-30,"ZRH","LHR",208.9,1,1,1,208.9,0,0
"LX316",2016-06-17,2016-05-31,"ZRH","LHR",234.18,1.12101483963619,1.12101483963619,3,208.9,1,1
"LX316",2016-06-17,2016-06-01,"ZRH","LHR",213.3,0.910837817063797,1.02106270943035,2,208.9,-1,1
"LX316",2016-06-17,2016-06-02,"ZRH","LHR",237.4,1.11298640412564,1.13642891335567,4,208.9,1,1
"LX316",2016-06-17,2016-06-03,"ZRH","LHR",237.4,1,1.13642891335567,4,208.9,0,1
"LX316",2016-06-17,2016-06-04,"ZRH","LHR",237.4,1,1.13642891335567,4,208.9,0,1
"LX316",2016-06-17,2016-06-05,"ZRH","LHR",237.4,1,1.13642891335567,4,208.9,0,1
"LX316",2016-06-17,2016-06-06,"ZRH","LHR",237.4,1,1.13642891335567,4,208.9,0,1
"LX316",2016-06-17,2016-06-07,"ZRH","LHR",237.4,1,1.13642891335567,4,208.9,0,1
"LX316",2016-06-17,2016-06-08,"ZRH","LHR",237.4,1,1.13642891335567,4,208.9,0,1
"LX316",2016-06-17,2016-06-09,"ZRH","LHR",237.4,1,1.13642891335567,4,208.9,0,1
"LX316",2016-06-17,2016-06-10,"ZRH","LHR",243.3,1.02485256950295,1.16467209191,5,208.9,1,1
"LX316",2016-06-17,2016-06-11,"ZRH","LHR",253.67,1.04262227702425,1.21431306845381,6,208.9,1,1
"LX316",2016-06-17,2016-06-12,"ZRH","LHR",256.71,1.01198407379666,1.22886548587841,7,208.9,1,1
"LX316",2016-06-17,2016-06-13,"ZRH","LHR",256.71,1,1.22886548587841,7,208.9,0,1
"LX316",2016-06-17,2016-06-14,"ZRH","LHR",256.71,1,1.22886548587841,7,208.9,0,1
"LX316",2016-06-17,2016-06-15,"ZRH","LHR",256.71,1,1.22886548587841,7,208.9,0,1
"LX316",2016-06-17,2016-06-16,"ZRH","LHR",256.71,1,1.22886548587841,7,208.9,0,1
"LX316",2016-06-18,2016-05-21,"ZRH","LHR",152.63,1,1,6,152.63,0,0
"LX316",2016-06-18,2016-05-22,"ZRH","LHR",152.63,1,1,6,152.63,0,0
"LX316",2016-06-18,2016-05-23,"ZRH","LHR",152.63,1,1,6,152.63,0,0
"LX316",2016-06-18,2016-05-24,"ZRH","LHR",152.63,1,1,6,152.63,0,0
"LX316",2016-06-18,2016-05-25,"ZRH","LHR",208.9,1.36866933106205,1.36866933106205,10,152.63,1,1
"LX316",2016-06-18,2016-05-26,"ZRH","LHR",179.3,0.85830540928674,1.17473629037542,8,152.63,-1,1
"LX316",2016-06-18,2016-05-27,"ZRH","LHR",152.63,0.851254880089236,1,6,152.63,-1,0
"LX316",2016-06-18,2016-05-28,"ZRH","LHR",135.74,0.889340234554151,0.889340234554151,4,135.74,-1,-1
"LX316",2016-06-18,2016-05-29,"ZRH","LHR",111,0.817739796670105,0.727248902574854,1,111,-1,-1
"LX316",2016-06-18,2016-05-30,"ZRH","LHR",111,1,0.727248902574854,1,111,0,-1
"LX316",2016-06-18,2016-05-31,"ZRH","LHR",111,1,0.727248902574854,1,111,0,-1
"LX316",2016-06-18,2016-06-01,"ZRH","LHR",111,1,0.727248902574854,1,111,0,-1
"LX316",2016-06-18,2016-06-02,"ZRH","LHR",152.28,1.37189189189189,0.997706872829719,5,111,1,-1
"LX316",2016-06-18,2016-06-03,"ZRH","LHR",125.3,0.822826372471762,0.820939526960624,3,111,-1,-1
"LX316",2016-06-18,2016-06-04,"ZRH","LHR",111,0.885873902633679,0.727248902574854,1,111,-1,-1
"LX316",2016-06-18,2016-06-05,"ZRH","LHR",111,1,0.727248902574854,1,111,0,-1
"LX316",2016-06-18,2016-06-06,"ZRH","LHR",111,1,0.727248902574854,1,111,0,-1
"LX316",2016-06-18,2016-06-07,"ZRH","LHR",111,1,0.727248902574854,1,111,0,-1
"LX316",2016-06-18,2016-06-08,"ZRH","LHR",111,1,0.727248902574854,1,111,0,-1
"LX316",2016-06-18,2016-06-09,"ZRH","LHR",111,1,0.727248902574854,1,111,0,-1
"LX316",2016-06-18,2016-06-10,"ZRH","LHR",111,1,0.727248902574854,1,111,0,-1
"LX316",2016-06-18,2016-06-11,"ZRH","LHR",111,1,0.727248902574854,1,111,0,-1
"LX316",2016-06-18,2016-06-12,"ZRH","LHR",111,1,0.727248902574854,1,111,0,-1
"LX316",2016-06-18,2016-06-13,"ZRH","LHR",123.12,1.10918918918919,0.80665662058573,2,111,1,-1
"LX316",2016-06-18,2016-06-14,"ZRH","LHR",152.28,1.23684210526316,0.997706872829719,5,111,1,-1
"LX316",2016-06-18,2016-06-15,"ZRH","LHR",175.52,1.15261360651432,1.14997051693638,7,111,1,1
"LX316",2016-06-18,2016-06-16,"ZRH","LHR",208.4,1.1873290793072,1.3653934351045,9,111,1,1
"LX316",2016-06-18,2016-06-17,"ZRH","LHR",237.4,1.13915547024952,1.55539540064208,11,111,1,1
"LX316",2016-06-19,2016-05-22,"ZRH","LHR",90,1,1,1,90,0,0
"LX316",2016-06-19,2016-05-23,"ZRH","LHR",90,1,1,1,90,0,0
"LX316",2016-06-19,2016-05-24,"ZRH","LHR",90,1,1,1,90,0,0
"LX316",2016-06-19,2016-05-25,"ZRH","LHR",90,1,1,1,90,0,0
"LX316",2016-06-19,2016-05-26,"ZRH","LHR",90,1,1,1,90,0,0
"LX316",2016-06-19,2016-05-27,"ZRH","LHR",90,1,1,1,90,0,0
"LX316",2016-06-19,2016-05-28,"ZRH","LHR",90,1,1,1,90,0,0
"LX316",2016-06-19,2016-05-29,"ZRH","LHR",90,1,1,1,90,0,0
"LX316",2016-06-19,2016-05-30,"ZRH","LHR",111,1.23333333333333,1.23333333333333,2,90,1,1
"LX316",2016-06-19,2016-05-31,"ZRH","LHR",111,1,1.23333333333333,2,90,0,1
"LX316",2016-06-19,2016-06-01,"ZRH","LHR",111,1,1.23333333333333,2,90,0,1
"LX316",2016-06-19,2016-06-02,"ZRH","LHR",111,1,1.23333333333333,2,90,0,1
"LX316",2016-06-19,2016-06-03,"ZRH","LHR",111,1,1.23333333333333,2,90,0,1
"LX316",2016-06-19,2016-06-04,"ZRH","LHR",111,1,1.23333333333333,2,90,0,1
"LX316",2016-06-19,2016-06-05,"ZRH","LHR",111,1,1.23333333333333,2,90,0,1
"LX316",2016-06-19,2016-06-06,"ZRH","LHR",111,1,1.23333333333333,2,90,0,1
"LX316",2016-06-19,2016-06-07,"ZRH","LHR",111,1,1.23333333333333,2,90,0,1
"LX316",2016-06-19,2016-06-08,"ZRH","LHR",111,1,1.23333333333333,2,90,0,1
"LX316",2016-06-19,2016-06-09,"ZRH","LHR",111,1,1.23333333333333,2,90,0,1
"LX316",2016-06-19,2016-06-10,"ZRH","LHR",111,1,1.23333333333333,2,90,0,1
"LX316",2016-06-19,2016-06-11,"ZRH","LHR",111,1,1.23333333333333,2,90,0,1
"LX316",2016-06-19,2016-06-12,"ZRH","LHR",123.12,1.10918918918919,1.368,3,90,1,1
"LX316",2016-06-19,2016-06-13,"ZRH","LHR",152.28,1.23684210526316,1.692,4,90,1,1
"LX316",2016-06-19,2016-06-14,"ZRH","LHR",152.28,1,1.692,4,90,0,1
"LX316",2016-06-19,2016-06-15,"ZRH","LHR",152.28,1,1.692,4,90,0,1
"LX316",2016-06-19,2016-06-16,"ZRH","LHR",154.83,1.01674546887313,1.72033333333333,5,90,1,1
"LX316",2016-06-19,2016-06-17,"ZRH","LHR",175.52,1.13363043337854,1.95022222222222,6,90,1,1
"LX316",2016-06-19,2016-06-18,"ZRH","LHR",180.4,1.0278030993619,2.00444444444444,7,90,1,1
"LX316",2016-06-20,2016-05-23,"ZRH","LHR",208.9,1,1,4,208.9,0,0
"LX316",2016-06-20,2016-05-24,"ZRH","LHR",208.9,1,1,4,208.9,0,0
"LX316",2016-06-20,2016-05-25,"ZRH","LHR",208.9,1,1,4,208.9,0,0
"LX316",2016-06-20,2016-05-26,"ZRH","LHR",213.3,1.02106270943035,1.02106270943035,5,208.9,1,1
"LX316",2016-06-20,2016-05-27,"ZRH","LHR",237.98,1.11570557899672,1.13920536141695,7,208.9,1,1
"LX316",2016-06-20,2016-05-28,"ZRH","LHR",208.9,0.877804857551055,1,4,208.9,-1,0
"LX316",2016-06-20,2016-05-29,"ZRH","LHR",208.9,1,1,4,208.9,0,0
"LX316",2016-06-20,2016-05-30,"ZRH","LHR",208.9,1,1,4,208.9,0,0
"LX316",2016-06-20,2016-05-31,"ZRH","LHR",208.9,1,1,4,208.9,0,0
"LX316",2016-06-20,2016-06-01,"ZRH","LHR",175.92,0.842125418860699,0.842125418860699,1,175.92,-1,-1
"LX316",2016-06-20,2016-06-02,"ZRH","LHR",179.27,1.01904274670305,0.85816179990426,2,175.92,1,-1
"LX316",2016-06-20,2016-06-03,"ZRH","LHR",208.4,1.16249233000502,0.997606510292006,3,175.92,1,-1
"LX316",2016-06-20,2016-06-04,"ZRH","LHR",208.4,1,0.997606510292006,3,175.92,0,-1
"LX316",2016-06-20,2016-06-05,"ZRH","LHR",208.4,1,0.997606510292006,3,175.92,0,-1
"LX316",2016-06-20,2016-06-06,"ZRH","LHR",175.92,0.844145873320537,0.842125418860699,1,175.92,-1,-1
"LX316",2016-06-20,2016-06-07,"ZRH","LHR",208.4,1.18462937698954,0.997606510292006,3,175.92,1,-1
"LX316",2016-06-20,2016-06-08,"ZRH","LHR",208.4,1,0.997606510292006,3,175.92,0,-1
"LX316",2016-06-20,2016-06-09,"ZRH","LHR",208.9,1.00239923224568,1,4,175.92,1,0
"LX316",2016-06-20,2016-06-10,"ZRH","LHR",237.4,1.13642891335567,1.13642891335567,6,175.92,1,1
"LX316",2016-06-20,2016-06-11,"ZRH","LHR",208.4,0.877843302443134,0.997606510292006,3,175.92,-1,-1
"LX316",2016-06-20,2016-06-12,"ZRH","LHR",208.4,1,0.997606510292006,3,175.92,0,-1
"LX316",2016-06-20,2016-06-13,"ZRH","LHR",208.4,1,0.997606510292006,3,175.92,0,-1
"LX316",2016-06-20,2016-06-14,"ZRH","LHR",208.4,1,0.997606510292006,3,175.92,0,-1
"LX316",2016-06-20,2016-06-15,"ZRH","LHR",237.4,1.13915547024952,1.13642891335567,6,175.92,1,1
"LX316",2016-06-20,2016-06-16,"ZRH","LHR",237.4,1,1.13642891335567,6,175.92,0,1
"LX316",2016-06-20,2016-06-17,"ZRH","LHR",256.71,1.08133951137321,1.22886548587841,8,175.92,1,1
"LX316",2016-06-20,2016-06-18,"ZRH","LHR",263.3,1.02567099061197,1.26041168022978,9,175.92,1,1
"LX316",2016-06-20,2016-06-19,"ZRH","LHR",256.71,0.974971515381694,1.22886548587841,8,175.92,-1,1
"LX316",2016-06-21,2016-05-24,"ZRH","LHR",152.63,1,1,2,152.63,0,0
"LX316",2016-06-21,2016-05-25,"ZRH","LHR",152.63,1,1,2,152.63,0,0
"LX316",2016-06-21,2016-05-26,"ZRH","LHR",152.63,1,1,2,152.63,0,0
"LX316",2016-06-21,2016-05-27,"ZRH","LHR",152.63,1,1,2,152.63,0,0
"LX316",2016-06-21,2016-05-28,"ZRH","LHR",152.63,1,1,2,152.63,0,0
"LX316",2016-06-21,2016-05-29,"ZRH","LHR",152.63,1,1,2,152.63,0,0
"LX316",2016-06-21,2016-05-30,"ZRH","LHR",152.63,1,1,2,152.63,0,0
"LX316",2016-06-21,2016-05-31,"ZRH","LHR",152.28,0.997706872829719,0.997706872829719,1,152.28,-1,-1
"LX316",2016-06-21,2016-06-01,"ZRH","LHR",152.28,1,0.997706872829719,1,152.28,0,-1
"LX316",2016-06-21,2016-06-02,"ZRH","LHR",152.28,1,0.997706872829719,1,152.28,0,-1
"LX316",2016-06-21,2016-06-03,"ZRH","LHR",152.28,1,0.997706872829719,1,152.28,0,-1
"LX316",2016-06-21,2016-06-04,"ZRH","LHR",152.28,1,0.997706872829719,1,152.28,0,-1
"LX316",2016-06-21,2016-06-05,"ZRH","LHR",152.28,1,0.997706872829719,1,152.28,0,-1
"LX316",2016-06-21,2016-06-06,"ZRH","LHR",152.28,1,0.997706872829719,1,152.28,0,-1
"LX316",2016-06-21,2016-06-07,"ZRH","LHR",175.52,1.15261360651432,1.14997051693638,3,152.28,1,1
"LX316",2016-06-21,2016-06-08,"ZRH","LHR",175.52,1,1.14997051693638,3,152.28,0,1
"LX316",2016-06-21,2016-06-09,"ZRH","LHR",175.52,1,1.14997051693638,3,152.28,0,1
"LX316",2016-06-21,2016-06-10,"ZRH","LHR",175.52,1,1.14997051693638,3,152.28,0,1
"LX316",2016-06-21,2016-06-11,"ZRH","LHR",175.52,1,1.14997051693638,3,152.28,0,1
"LX316",2016-06-21,2016-06-12,"ZRH","LHR",175.52,1,1.14997051693638,3,152.28,0,1
"LX316",2016-06-21,2016-06-13,"ZRH","LHR",175.52,1,1.14997051693638,3,152.28,0,1
"LX316",2016-06-21,2016-06-14,"ZRH","LHR",175.52,1,1.14997051693638,3,152.28,0,1
"LX316",2016-06-21,2016-06-15,"ZRH","LHR",196.92,1.12192342752963,1.29017886391928,4,152.28,1,1
"LX316",2016-06-21,2016-06-16,"ZRH","LHR",208.4,1.0582977859029,1.3653934351045,5,152.28,1,1
"LX316",2016-06-21,2016-06-17,"ZRH","LHR",208.4,1,1.3653934351045,5,152.28,0,1
"LX316",2016-06-21,2016-06-18,"ZRH","LHR",215.62,1.03464491362764,1.41269737273144,6,152.28,1,1
"LX316",2016-06-21,2016-06-19,"ZRH","LHR",247.39,1.14734254707356,1.62084780187381,7,152.28,1,1
"LX316",2016-06-21,2016-06-20,"ZRH","LHR",256.71,1.03767330934961,1.68191050252244,8,152.28,1,1
"LX316",2016-06-22,2016-05-25,"ZRH","LHR",175.92,1,1,4,175.92,0,0
"LX316",2016-06-22,2016-05-26,"ZRH","LHR",175.92,1,1,4,175.92,0,0
"LX316",2016-06-22,2016-05-27,"ZRH","LHR",179.3,1.01921327876307,1.01921327876307,5,175.92,1,1
"LX316",2016-06-22,2016-05-28,"ZRH","LHR",175.92,0.981148912437256,1,4,175.92,-1,0
"LX316",2016-06-22,2016-05-29,"ZRH","LHR",175.92,1,1,4,175.92,0,0
"LX316",2016-06-22,2016-05-30,"ZRH","LHR",179.3,1.01921327876307,1.01921327876307,5,175.92,1,1
"LX316",2016-06-22,2016-05-31,"ZRH","LHR",174.92,0.975571667596207,0.994315597999091,2,174.92,-1,-1
"LX316",2016-06-22,2016-06-01,"ZRH","LHR",155.3,0.887834438600503,0.882787630741246,1,155.3,-1,-1
"LX316",2016-06-22,2016-06-02,"ZRH","LHR",155.3,1,0.882787630741246,1,155.3,0,-1
"LX316",2016-06-22,2016-06-03,"ZRH","LHR",155.3,1,0.882787630741246,1,155.3,0,-1
"LX316",2016-06-22,2016-06-04,"ZRH","LHR",175.52,1.130199613651,0.997726239199636,3,155.3,1,-1
"LX316",2016-06-22,2016-06-05,"ZRH","LHR",175.52,1,0.997726239199636,3,155.3,0,-1
"LX316",2016-06-22,2016-06-06,"ZRH","LHR",155.3,0.884799453053783,0.882787630741246,1,155.3,-1,-1
"LX316",2016-06-22,2016-06-07,"ZRH","LHR",155.3,1,0.882787630741246,1,155.3,0,-1
"LX316",2016-06-22,2016-06-08,"ZRH","LHR",175.52,1.130199613651,0.997726239199636,3,155.3,1,-1
"LX316",2016-06-22,2016-06-09,"ZRH","LHR",175.52,1,0.997726239199636,3,155.3,0,-1
"LX316",2016-06-22,2016-06-10,"ZRH","LHR",175.52,1,0.997726239199636,3,155.3,0,-1
"LX316",2016-06-22,2016-06-11,"ZRH","LHR",175.52,1,0.997726239199636,3,155.3,0,-1
"LX316",2016-06-22,2016-06-12,"ZRH","LHR",175.52,1,0.997726239199636,3,155.3,0,-1
"LX316",2016-06-22,2016-06-13,"ZRH","LHR",175.52,1,0.997726239199636,3,155.3,0,-1
"LX316",2016-06-22,2016-06-14,"ZRH","LHR",175.52,1,0.997726239199636,3,155.3,0,-1
"LX316",2016-06-22,2016-06-15,"ZRH","LHR",195,1.11098450319052,1.10845839017735,6,155.3,1,1
"LX316",2016-06-22,2016-06-16,"ZRH","LHR",208.4,1.06871794871795,1.18462937698954,7,155.3,1,1
"LX316",2016-06-22,2016-06-17,"ZRH","LHR",213.3,1.02351247600768,1.212482946794,8,155.3,1,1
"LX316",2016-06-22,2016-06-18,"ZRH","LHR",213.3,1,1.212482946794,8,155.3,0,1
"LX316",2016-06-22,2016-06-19,"ZRH","LHR",237.4,1.11298640412564,1.34947703501592,9,155.3,1,1
"LX316",2016-06-22,2016-06-20,"ZRH","LHR",237.4,1,1.34947703501592,9,155.3,0,1
"LX316",2016-06-22,2016-06-21,"ZRH","LHR",263.3,1.10909856781803,1.49670304683947,10,155.3,1,1
"LX316",2016-06-23,2016-05-26,"ZRH","LHR",208.9,1,1,6,208.9,0,0
"LX316",2016-06-23,2016-05-27,"ZRH","LHR",208.9,1,1,6,208.9,0,0
"LX316",2016-06-23,2016-05-28,"ZRH","LHR",208.9,1,1,6,208.9,0,0
"LX316",2016-06-23,2016-05-29,"ZRH","LHR",208.9,1,1,6,208.9,0,0
"LX316",2016-06-23,2016-05-30,"ZRH","LHR",208.9,1,1,6,208.9,0,0
"LX316",2016-06-23,2016-05-31,"ZRH","LHR",208.4,0.997606510292006,0.997606510292006,5,208.4,-1,-1
"LX316",2016-06-23,2016-06-01,"ZRH","LHR",190.42,0.913723608445297,0.911536620392532,3,190.42,-1,-1
"LX316",2016-06-23,2016-06-02,"ZRH","LHR",175.92,0.923852536498267,0.842125418860699,2,175.92,-1,-1
"LX316",2016-06-23,2016-06-03,"ZRH","LHR",208.4,1.18462937698954,0.997606510292006,5,175.92,1,-1
"LX316",2016-06-23,2016-06-04,"ZRH","LHR",175.52,0.842226487523992,0.840210627094303,1,175.52,-1,-1
"LX316",2016-06-23,2016-06-05,"ZRH","LHR",175.52,1,0.840210627094303,1,175.52,0,-1
"LX316",2016-06-23,2016-06-06,"ZRH","LHR",175.52,1,0.840210627094303,1,175.52,0,-1
"LX316",2016-06-23,2016-06-07,"ZRH","LHR",175.92,1.00227894257065,0.842125418860699,2,175.52,1,-1
"LX316",2016-06-23,2016-06-08,"ZRH","LHR",175.92,1,0.842125418860699,2,175.52,0,-1
"LX316",2016-06-23,2016-06-09,"ZRH","LHR",175.52,0.997726239199636,0.840210627094303,1,175.52,-1,-1
"LX316",2016-06-23,2016-06-10,"ZRH","LHR",175.52,1,0.840210627094303,1,175.52,0,-1
"LX316",2016-06-23,2016-06-11,"ZRH","LHR",175.52,1,0.840210627094303,1,175.52,0,-1
"LX316",2016-06-23,2016-06-12,"ZRH","LHR",175.52,1,0.840210627094303,1,175.52,0,-1
"LX316",2016-06-23,2016-06-13,"ZRH","LHR",175.52,1,0.840210627094303,1,175.52,0,-1
"LX316",2016-06-23,2016-06-14,"ZRH","LHR",175.52,1,0.840210627094303,1,175.52,0,-1
"LX316",2016-06-23,2016-06-15,"ZRH","LHR",175.92,1.00227894257065,0.842125418860699,2,175.52,1,-1
"LX316",2016-06-23,2016-06-16,"ZRH","LHR",195,1.10845839017735,0.93346098611776,4,175.52,1,-1
"LX316",2016-06-23,2016-06-17,"ZRH","LHR",208.4,1.06871794871795,0.997606510292006,5,175.52,1,-1
"LX316",2016-06-23,2016-06-18,"ZRH","LHR",215.62,1.03464491362764,1.03216850167544,8,175.52,1,1
"LX316",2016-06-23,2016-06-19,"ZRH","LHR",213.3,0.989240330210556,1.02106270943035,7,175.52,-1,1
"LX316",2016-06-23,2016-06-20,"ZRH","LHR",237.4,1.11298640412564,1.13642891335567,9,175.52,1,1
"LX316",2016-06-23,2016-06-21,"ZRH","LHR",239.3,1.00800336983993,1.14552417424605,10,175.52,1,1
"LX316",2016-06-23,2016-06-22,"ZRH","LHR",250.07,1.04500626828249,1.19707994255625,11,175.52,1,1
"LX316",2016-06-24,2016-05-27,"ZRH","LHR",208.9,1,1,4,208.9,0,0
"LX316",2016-06-24,2016-05-28,"ZRH","LHR",190.8,0.913355672570608,0.913355672570608,2,190.8,-1,-1
"LX316",2016-06-24,2016-05-29,"ZRH","LHR",208.9,1.09486373165618,1,4,190.8,1,0
"LX316",2016-06-24,2016-05-30,"ZRH","LHR",179.3,0.85830540928674,0.85830540928674,1,179.3,-1,-1
"LX316",2016-06-24,2016-05-31,"ZRH","LHR",208.4,1.16229782487451,0.997606510292006,3,179.3,1,-1
"LX316",2016-06-24,2016-06-01,"ZRH","LHR",208.4,1,0.997606510292006,3,179.3,0,-1
"LX316",2016-06-24,2016-06-02,"ZRH","LHR",208.4,1,0.997606510292006,3,179.3,0,-1
"LX316",2016-06-24,2016-06-03,"ZRH","LHR",213.3,1.02351247600768,1.02106270943035,5,179.3,1,1
"LX316",2016-06-24,2016-06-04,"ZRH","LHR",213.3,1,1.02106270943035,5,179.3,0,1
"LX316",2016-06-24,2016-06-05,"ZRH","LHR",213.3,1,1.02106270943035,5,179.3,0,1
"LX316",2016-06-24,2016-06-06,"ZRH","LHR",213.3,1,1.02106270943035,5,179.3,0,1
"LX316",2016-06-24,2016-06-07,"ZRH","LHR",213.3,1,1.02106270943035,5,179.3,0,1
"LX316",2016-06-24,2016-06-08,"ZRH","LHR",220.33,1.03295827473043,1.05471517472475,6,179.3,1,1
"LX316",2016-06-24,2016-06-09,"ZRH","LHR",231.67,1.0514682521672,1.10899952130206,7,179.3,1,1
"LX316",2016-06-24,2016-06-10,"ZRH","LHR",237.4,1.02473345707256,1.13642891335567,8,179.3,1,1
"LX316",2016-06-24,2016-06-11,"ZRH","LHR",237.4,1,1.13642891335567,8,179.3,0,1
"LX316",2016-06-24,2016-06-12,"ZRH","LHR",237.4,1,1.13642891335567,8,179.3,0,1
"LX316",2016-06-24,2016-06-13,"ZRH","LHR",237.4,1,1.13642891335567,8,179.3,0,1
"LX316",2016-06-24,2016-06-14,"ZRH","LHR",237.4,1,1.13642891335567,8,179.3,0,1
"LX316",2016-06-24,2016-06-15,"ZRH","LHR",237.4,1,1.13642891335567,8,179.3,0,1
"LX316",2016-06-24,2016-06-16,"ZRH","LHR",237.4,1,1.13642891335567,8,179.3,0,1
"LX316",2016-06-24,2016-06-17,"ZRH","LHR",243.3,1.02485256950295,1.16467209191,9,179.3,1,1
"LX316",2016-06-24,2016-06-18,"ZRH","LHR",254.74,1.04702013974517,1.21943513642891,10,179.3,1,1
"LX316",2016-06-24,2016-06-19,"ZRH","LHR",256.71,1.00773337520609,1.22886548587841,11,179.3,1,1
"LX316",2016-06-24,2016-06-20,"ZRH","LHR",256.71,1,1.22886548587841,11,179.3,0,1
"LX316",2016-06-24,2016-06-21,"ZRH","LHR",263.3,1.02567099061197,1.26041168022978,12,179.3,1,1
"LX316",2016-06-24,2016-06-22,"ZRH","LHR",256.71,0.974971515381694,1.22886548587841,11,179.3,-1,1
"LX316",2016-06-24,2016-06-23,"ZRH","LHR",256.71,1,1.22886548587841,11,179.3,0,1
"LX316",2016-06-25,2016-05-28,"ZRH","LHR",208.9,1,1,11,208.9,0,0
"LX316",2016-06-25,2016-05-29,"ZRH","LHR",208.9,1,1,11,208.9,0,0
"LX316",2016-06-25,2016-05-30,"ZRH","LHR",208.9,1,1,11,208.9,0,0
"LX316",2016-06-25,2016-05-31,"ZRH","LHR",208.9,1,1,11,208.9,0,0
"LX316",2016-06-25,2016-06-01,"ZRH","LHR",208.4,0.997606510292006,0.997606510292006,10,208.4,-1,-1
"LX316",2016-06-25,2016-06-02,"ZRH","LHR",208.4,1,0.997606510292006,10,208.4,0,-1
"LX316",2016-06-25,2016-06-03,"ZRH","LHR",208.4,1,0.997606510292006,10,208.4,0,-1
"LX316",2016-06-25,2016-06-04,"ZRH","LHR",208.4,1,0.997606510292006,10,208.4,0,-1
"LX316",2016-06-25,2016-06-05,"ZRH","LHR",208.4,1,0.997606510292006,10,208.4,0,-1
"LX316",2016-06-25,2016-06-06,"ZRH","LHR",208.4,1,0.997606510292006,10,208.4,0,-1
"LX316",2016-06-25,2016-06-07,"ZRH","LHR",158.58,0.760940499040307,0.759119195787458,7,158.58,-1,-1
"LX316",2016-06-25,2016-06-08,"ZRH","LHR",208.4,1.31416319838567,0.997606510292006,10,158.58,1,-1
"LX316",2016-06-25,2016-06-09,"ZRH","LHR",208.4,1,0.997606510292006,10,158.58,0,-1
"LX316",2016-06-25,2016-06-10,"ZRH","LHR",208.4,1,0.997606510292006,10,158.58,0,-1
"LX316",2016-06-25,2016-06-11,"ZRH","LHR",208.4,1,0.997606510292006,10,158.58,0,-1
"LX316",2016-06-25,2016-06-12,"ZRH","LHR",208.4,1,0.997606510292006,10,158.58,0,-1
"LX316",2016-06-25,2016-06-13,"ZRH","LHR",179.3,0.860364683301344,0.85830540928674,9,158.58,-1,-1
"LX316",2016-06-25,2016-06-14,"ZRH","LHR",154.51,0.861740100390407,0.739636189564385,6,154.51,-1,-1
"LX316",2016-06-25,2016-06-15,"ZRH","LHR",152.63,0.987832502750631,0.730636668262326,5,152.63,-1,-1
"LX316",2016-06-25,2016-06-16,"ZRH","LHR",152.28,0.997706872829719,0.72896122546673,3,152.28,-1,-1
"LX316",2016-06-25,2016-06-17,"ZRH","LHR",111,0.728920409771474,0.531354715174725,1,111,-1,-1
"LX316",2016-06-25,2016-06-18,"ZRH","LHR",111,1,0.531354715174725,1,111,0,-1
"LX316",2016-06-25,2016-06-19,"ZRH","LHR",111,1,0.531354715174725,1,111,0,-1
"LX316",2016-06-25,2016-06-20,"ZRH","LHR",122.19,1.10081081081081,0.584921014839636,2,111,1,-1
"LX316",2016-06-25,2016-06-21,"ZRH","LHR",152.35,1.24682870938702,0.72929631402585,4,111,1,-1
"LX316",2016-06-25,2016-06-22,"ZRH","LHR",175.52,1.15208401706597,0.840210627094303,8,111,1,-1
"LX316",2016-06-25,2016-06-23,"ZRH","LHR",175.52,1,0.840210627094303,8,111,0,-1
"LX316",2016-06-25,2016-06-24,"ZRH","LHR",208.4,1.1873290793072,0.997606510292006,10,111,1,-1
"LX316",2016-06-26,2016-05-29,"ZRH","LHR",237.98,1,1,10,237.98,0,0
"LX316",2016-06-26,2016-05-30,"ZRH","LHR",237.98,1,1,10,237.98,0,0
"LX316",2016-06-26,2016-05-31,"ZRH","LHR",237.98,1,1,10,237.98,0,0
"LX316",2016-06-26,2016-06-01,"ZRH","LHR",208.4,0.875703840658879,0.875703840658879,9,208.4,-1,-1
"LX316",2016-06-26,2016-06-02,"ZRH","LHR",208.4,1,0.875703840658879,9,208.4,0,-1
"LX316",2016-06-26,2016-06-03,"ZRH","LHR",208.4,1,0.875703840658879,9,208.4,0,-1
"LX316",2016-06-26,2016-06-04,"ZRH","LHR",208.4,1,0.875703840658879,9,208.4,0,-1
"LX316",2016-06-26,2016-06-05,"ZRH","LHR",208.4,1,0.875703840658879,9,208.4,0,-1
"LX316",2016-06-26,2016-06-06,"ZRH","LHR",208.4,1,0.875703840658879,9,208.4,0,-1
"LX316",2016-06-26,2016-06-07,"ZRH","LHR",208.4,1,0.875703840658879,9,208.4,0,-1
"LX316",2016-06-26,2016-06-08,"ZRH","LHR",208.4,1,0.875703840658879,9,208.4,0,-1
"LX316",2016-06-26,2016-06-09,"ZRH","LHR",208.4,1,0.875703840658879,9,208.4,0,-1
"LX316",2016-06-26,2016-06-10,"ZRH","LHR",208.4,1,0.875703840658879,9,208.4,0,-1
"LX316",2016-06-26,2016-06-11,"ZRH","LHR",208.4,1,0.875703840658879,9,208.4,0,-1
"LX316",2016-06-26,2016-06-12,"ZRH","LHR",208.4,1,0.875703840658879,9,208.4,0,-1
"LX316",2016-06-26,2016-06-13,"ZRH","LHR",208.4,1,0.875703840658879,9,208.4,0,-1
"LX316",2016-06-26,2016-06-14,"ZRH","LHR",208.4,1,0.875703840658879,9,208.4,0,-1
"LX316",2016-06-26,2016-06-15,"ZRH","LHR",175.52,0.842226487523992,0.737540969829398,7,175.52,-1,-1
"LX316",2016-06-26,2016-06-16,"ZRH","LHR",152.63,0.869587511394713,0.641356416505589,5,152.63,-1,-1
"LX316",2016-06-26,2016-06-17,"ZRH","LHR",152.28,0.997706872829719,0.639885704681066,3,152.28,-1,-1
"LX316",2016-06-26,2016-06-18,"ZRH","LHR",111,0.728920409771474,0.466425750063031,1,111,-1,-1
"LX316",2016-06-26,2016-06-19,"ZRH","LHR",111,1,0.466425750063031,1,111,0,-1
"LX316",2016-06-26,2016-06-20,"ZRH","LHR",152.28,1.37189189189189,0.639885704681066,3,111,1,-1
"LX316",2016-06-26,2016-06-21,"ZRH","LHR",152.33,1.00032834252692,0.640095806370283,4,111,1,-1
"LX316",2016-06-26,2016-06-22,"ZRH","LHR",151.95,0.997505415873433,0.63849903353223,2,111,-1,-1
"LX316",2016-06-26,2016-06-23,"ZRH","LHR",153.83,1.01237249095097,0.646398857046811,6,111,1,-1
"LX316",2016-06-26,2016-06-24,"ZRH","LHR",175.52,1.14099980497952,0.737540969829398,7,111,1,-1
"LX316",2016-06-26,2016-06-25,"ZRH","LHR",183.17,1.04358477666363,0.769686528279687,8,111,1,-1
"LX316",2016-06-27,2016-05-30,"ZRH","LHR",257.36,1,1,2,257.36,0,0
"LX316",2016-06-27,2016-05-31,"ZRH","LHR",256.71,0.99747435498912,0.99747435498912,1,256.71,-1,-1
"LX316",2016-06-27,2016-06-01,"ZRH","LHR",256.71,1,0.99747435498912,1,256.71,0,-1
"LX316",2016-06-27,2016-06-02,"ZRH","LHR",256.71,1,0.99747435498912,1,256.71,0,-1
"LX316",2016-06-27,2016-06-03,"ZRH","LHR",256.71,1,0.99747435498912,1,256.71,0,-1
"LX316",2016-06-27,2016-06-04,"ZRH","LHR",256.71,1,0.99747435498912,1,256.71,0,-1
"LX316",2016-06-27,2016-06-05,"ZRH","LHR",256.71,1,0.99747435498912,1,256.71,0,-1
"LX316",2016-06-27,2016-06-06,"ZRH","LHR",256.71,1,0.99747435498912,1,256.71,0,-1
"LX316",2016-06-27,2016-06-07,"ZRH","LHR",256.71,1,0.99747435498912,1,256.71,0,-1
"LX316",2016-06-27,2016-06-08,"ZRH","LHR",256.71,1,0.99747435498912,1,256.71,0,-1
"LX316",2016-06-27,2016-06-09,"ZRH","LHR",256.71,1,0.99747435498912,1,256.71,0,-1
"LX316",2016-06-27,2016-06-10,"ZRH","LHR",256.71,1,0.99747435498912,1,256.71,0,-1
"LX316",2016-06-27,2016-06-11,"ZRH","LHR",256.71,1,0.99747435498912,1,256.71,0,-1
"LX316",2016-06-27,2016-06-12,"ZRH","LHR",256.71,1,0.99747435498912,1,256.71,0,-1
"LX316",2016-06-27,2016-06-13,"ZRH","LHR",256.71,1,0.99747435498912,1,256.71,0,-1
"LX316",2016-06-27,2016-06-14,"ZRH","LHR",256.71,1,0.99747435498912,1,256.71,0,-1
"LX316",2016-06-27,2016-06-15,"ZRH","LHR",304.01,1.18425460636516,1.18126359962698,5,256.71,1,1
"LX316",2016-06-27,2016-06-16,"ZRH","LHR",304.01,1,1.18126359962698,5,256.71,0,1
"LX316",2016-06-27,2016-06-17,"ZRH","LHR",304.01,1,1.18126359962698,5,256.71,0,1
"LX316",2016-06-27,2016-06-18,"ZRH","LHR",304.01,1,1.18126359962698,5,256.71,0,1
"LX316",2016-06-27,2016-06-19,"ZRH","LHR",263.3,0.866089931252262,1.02308050979173,4,256.71,-1,1
"LX316",2016-06-27,2016-06-20,"ZRH","LHR",257.36,0.977440182301557,1,2,256.71,-1,0
"LX316",2016-06-27,2016-06-21,"ZRH","LHR",259.08,1.00668324525956,1.00668324525956,3,256.71,1,1
"LX316",2016-06-27,2016-06-22,"ZRH","LHR",304.79,1.17643199011888,1.18429437364004,6,256.71,1,1
"LX316",2016-06-27,2016-06-23,"ZRH","LHR",311.3,1.02135896847009,1.20958967982592,7,256.71,1,1
"LX316",2016-06-27,2016-06-24,"ZRH","LHR",534.35,1.71651140379056,2.07627447932857,9,256.71,1,1
"LX316",2016-06-27,2016-06-25,"ZRH","LHR",527.49,0.987161972489941,2.04961921044451,8,256.71,-1,1
"LX316",2016-06-27,2016-06-26,"ZRH","LHR",527.49,1,2.04961921044451,8,256.71,0,1
"LX316",2016-06-28,2016-05-31,"ZRH","LHR",175.92,1,1,5,175.92,0,0
"LX316",2016-06-28,2016-06-01,"ZRH","LHR",175.52,0.997726239199636,0.997726239199636,4,175.52,-1,-1
"LX316",2016-06-28,2016-06-02,"ZRH","LHR",178.01,1.01418641750228,1.0118804001819,6,175.52,1,1
"LX316",2016-06-28,2016-06-03,"ZRH","LHR",208.4,1.1707207460255,1.18462937698954,10,175.52,1,1
"LX316",2016-06-28,2016-06-04,"ZRH","LHR",201.83,0.968474088291747,1.14728285584357,9,175.52,-1,1
"LX316",2016-06-28,2016-06-05,"ZRH","LHR",178.01,0.881979884060843,1.0118804001819,6,175.52,-1,1
"LX316",2016-06-28,2016-06-06,"ZRH","LHR",175.92,0.98825908656817,1,5,175.52,-1,0
"LX316",2016-06-28,2016-06-07,"ZRH","LHR",152.63,0.867610277398818,0.867610277398818,1,152.63,-1,-1
"LX316",2016-06-28,2016-06-08,"ZRH","LHR",153.86,1.00805870405556,0.874602091859936,2,152.63,1,-1
"LX316",2016-06-28,2016-06-09,"ZRH","LHR",155.3,1.00935915767581,0.882787630741246,3,152.63,1,-1
"LX316",2016-06-28,2016-06-10,"ZRH","LHR",208.4,1.34191886670959,1.18462937698954,10,152.63,1,1
"LX316",2016-06-28,2016-06-11,"ZRH","LHR",208.4,1,1.18462937698954,10,152.63,0,1
"LX316",2016-06-28,2016-06-12,"ZRH","LHR",208.4,1,1.18462937698954,10,152.63,0,1
"LX316",2016-06-28,2016-06-13,"ZRH","LHR",175.92,0.844145873320537,1,5,152.63,-1,0
"LX316",2016-06-28,2016-06-14,"ZRH","LHR",175.52,0.997726239199636,0.997726239199636,4,152.63,-1,-1
"LX316",2016-06-28,2016-06-15,"ZRH","LHR",175.52,1,0.997726239199636,4,152.63,0,-1
"LX316",2016-06-28,2016-06-16,"ZRH","LHR",175.52,1,0.997726239199636,4,152.63,0,-1
"LX316",2016-06-28,2016-06-17,"ZRH","LHR",175.92,1.00227894257065,1,5,152.63,1,0
"LX316",2016-06-28,2016-06-18,"ZRH","LHR",175.52,0.997726239199636,0.997726239199636,4,152.63,-1,-1
"LX316",2016-06-28,2016-06-19,"ZRH","LHR",175.52,1,0.997726239199636,4,152.63,0,-1
"LX316",2016-06-28,2016-06-20,"ZRH","LHR",175.92,1.00227894257065,1,5,152.63,1,0
"LX316",2016-06-28,2016-06-21,"ZRH","LHR",188.92,1.07389722601182,1.07389722601182,8,152.63,1,1
"LX316",2016-06-28,2016-06-22,"ZRH","LHR",179.3,0.94907897522761,1.01921327876307,7,152.63,-1,1
"LX316",2016-06-28,2016-06-23,"ZRH","LHR",208.4,1.16229782487451,1.18462937698954,10,152.63,1,1
"LX316",2016-06-28,2016-06-24,"ZRH","LHR",208.4,1,1.18462937698954,10,152.63,0,1
"LX316",2016-06-28,2016-06-25,"ZRH","LHR",218.9,1.05038387715931,1.24431559799909,11,152.63,1,1
"LX316",2016-06-28,2016-06-26,"ZRH","LHR",250.8,1.14572864321608,1.4256480218281,12,152.63,1,1
"LX316",2016-06-28,2016-06-27,"ZRH","LHR",256.71,1.02356459330144,1.45924283765348,13,152.63,1,1
"LX316",2016-06-29,2016-06-01,"ZRH","LHR",152.28,1,1,1,152.28,0,0
"LX316",2016-06-29,2016-06-02,"ZRH","LHR",152.63,1.00229839768847,1.00229839768847,2,152.28,1,1
"LX316",2016-06-29,2016-06-03,"ZRH","LHR",152.63,1,1.00229839768847,2,152.28,0,1
"LX316",2016-06-29,2016-06-04,"ZRH","LHR",152.28,0.997706872829719,1,1,152.28,-1,0
"LX316",2016-06-29,2016-06-05,"ZRH","LHR",152.28,1,1,1,152.28,0,0
"LX316",2016-06-29,2016-06-06,"ZRH","LHR",152.28,1,1,1,152.28,0,0
"LX316",2016-06-29,2016-06-07,"ZRH","LHR",155.3,1.01983188862621,1.01983188862621,3,152.28,1,1
"LX316",2016-06-29,2016-06-08,"ZRH","LHR",175.52,1.130199613651,1.15261360651432,5,152.28,1,1
"LX316",2016-06-29,2016-06-09,"ZRH","LHR",163.06,0.929010938924339,1.07079064880483,4,152.28,-1,1
"LX316",2016-06-29,2016-06-10,"ZRH","LHR",155.3,0.952410155770882,1.01983188862621,3,152.28,-1,1
"LX316",2016-06-29,2016-06-11,"ZRH","LHR",155.3,1,1.01983188862621,3,152.28,0,1
"LX316",2016-06-29,2016-06-12,"ZRH","LHR",155.3,1,1.01983188862621,3,152.28,0,1
"LX316",2016-06-29,2016-06-13,"ZRH","LHR",155.3,1,1.01983188862621,3,152.28,0,1
"LX316",2016-06-29,2016-06-14,"ZRH","LHR",155.3,1,1.01983188862621,3,152.28,0,1
"LX316",2016-06-29,2016-06-15,"ZRH","LHR",175.52,1.130199613651,1.15261360651432,5,152.28,1,1
"LX316",2016-06-29,2016-06-16,"ZRH","LHR",175.52,1,1.15261360651432,5,152.28,0,1
"LX316",2016-06-29,2016-06-17,"ZRH","LHR",175.52,1,1.15261360651432,5,152.28,0,1
"LX316",2016-06-29,2016-06-18,"ZRH","LHR",175.52,1,1.15261360651432,5,152.28,0,1
"LX316",2016-06-29,2016-06-19,"ZRH","LHR",175.52,1,1.15261360651432,5,152.28,0,1
"LX316",2016-06-29,2016-06-20,"ZRH","LHR",175.52,1,1.15261360651432,5,152.28,0,1
"LX316",2016-06-29,2016-06-21,"ZRH","LHR",177.03,1.00860300820419,1.16252955082742,6,152.28,1,1
"LX316",2016-06-29,2016-06-22,"ZRH","LHR",208.4,1.17720160424787,1.3685316522196,7,152.28,1,1
"LX316",2016-06-29,2016-06-23,"ZRH","LHR",208.4,1,1.3685316522196,7,152.28,0,1
"LX316",2016-06-29,2016-06-24,"ZRH","LHR",213.3,1.02351247600768,1.40070921985816,8,152.28,1,1
"LX316",2016-06-29,2016-06-25,"ZRH","LHR",231.43,1.08499765588373,1.51976622012083,9,152.28,1,1
"LX316",2016-06-29,2016-06-26,"ZRH","LHR",237.4,1.02579613706088,1.55897031783557,10,152.28,1,1
"LX316",2016-06-29,2016-06-27,"ZRH","LHR",237.4,1,1.55897031783557,10,152.28,0,1
"LX316",2016-06-29,2016-06-28,"ZRH","LHR",256.71,1.08133951137321,1.68577620173365,11,152.28,1,1
"LX316",2016-06-30,2016-06-02,"ZRH","LHR",208.4,1,1,8,208.4,0,0
"LX316",2016-06-30,2016-06-03,"ZRH","LHR",208.4,1,1,8,208.4,0,0
"LX316",2016-06-30,2016-06-04,"ZRH","LHR",208.4,1,1,8,208.4,0,0
"LX316",2016-06-30,2016-06-05,"ZRH","LHR",208.4,1,1,8,208.4,0,0
"LX316",2016-06-30,2016-06-06,"ZRH","LHR",208.4,1,1,8,208.4,0,0
"LX316",2016-06-30,2016-06-07,"ZRH","LHR",208.4,1,1,8,208.4,0,0
"LX316",2016-06-30,2016-06-08,"ZRH","LHR",208.4,1,1,8,208.4,0,0
"LX316",2016-06-30,2016-06-09,"ZRH","LHR",179.3,0.860364683301344,0.860364683301344,5,179.3,-1,-1
"LX316",2016-06-30,2016-06-10,"ZRH","LHR",179.3,1,0.860364683301344,5,179.3,0,-1
"LX316",2016-06-30,2016-06-11,"ZRH","LHR",175.52,0.978918014500837,0.842226487523992,1,175.52,-1,-1
"LX316",2016-06-30,2016-06-12,"ZRH","LHR",175.52,1,0.842226487523992,1,175.52,0,-1
"LX316",2016-06-30,2016-06-13,"ZRH","LHR",188.61,1.07457839562443,0.905038387715931,6,175.52,1,-1
"LX316",2016-06-30,2016-06-14,"ZRH","LHR",175.92,0.932718307618896,0.844145873320537,3,175.52,-1,-1
"LX316",2016-06-30,2016-06-15,"ZRH","LHR",175.52,0.997726239199636,0.842226487523992,1,175.52,-1,-1
"LX316",2016-06-30,2016-06-16,"ZRH","LHR",178.14,1.01492707383774,0.854798464491363,4,175.52,1,-1
"LX316",2016-06-30,2016-06-17,"ZRH","LHR",175.92,0.987537891545975,0.844145873320537,3,175.52,-1,-1
"LX316",2016-06-30,2016-06-18,"ZRH","LHR",195,1.10845839017735,0.935700575815739,7,175.52,1,-1
"LX316",2016-06-30,2016-06-19,"ZRH","LHR",175.52,0.900102564102564,0.842226487523992,1,175.52,-1,-1
"LX316",2016-06-30,2016-06-20,"ZRH","LHR",175.92,1.00227894257065,0.844145873320537,3,175.52,1,-1
"LX316",2016-06-30,2016-06-21,"ZRH","LHR",195,1.10845839017735,0.935700575815739,7,175.52,1,-1
"LX316",2016-06-30,2016-06-22,"ZRH","LHR",175.54,0.900205128205128,0.84232245681382,2,175.52,-1,-1
"LX316",2016-06-30,2016-06-23,"ZRH","LHR",208.4,1.18719380198245,1,8,175.52,1,0
"LX316",2016-06-30,2016-06-24,"ZRH","LHR",208.4,1,1,8,175.52,0,0
"LX316",2016-06-30,2016-06-25,"ZRH","LHR",218.9,1.05038387715931,1.05038387715931,10,175.52,1,1
"LX316",2016-06-30,2016-06-26,"ZRH","LHR",213.3,0.974417542256738,1.02351247600768,9,175.52,-1,1
"LX316",2016-06-30,2016-06-27,"ZRH","LHR",237.4,1.11298640412564,1.13915547024952,11,175.52,1,1
"LX316",2016-06-30,2016-06-28,"ZRH","LHR",256.64,1.08104465037911,1.23147792706334,12,175.52,1,1
"LX316",2016-06-30,2016-06-29,"ZRH","LHR",256.71,1.00027275561097,1.23181381957774,13,175.52,1,1
"LX316",2016-07-01,2016-06-03,"ZRH","LHR",208.4,1,1,1,208.4,0,0
"LX316",2016-07-01,2016-06-04,"ZRH","LHR",208.4,1,1,1,208.4,0,0
"LX316",2016-07-01,2016-06-05,"ZRH","LHR",208.4,1,1,1,208.4,0,0
"LX316",2016-07-01,2016-06-06,"ZRH","LHR",208.4,1,1,1,208.4,0,0
"LX316",2016-07-01,2016-06-07,"ZRH","LHR",208.4,1,1,1,208.4,0,0
"LX316",2016-07-01,2016-06-08,"ZRH","LHR",208.4,1,1,1,208.4,0,0
"LX316",2016-07-01,2016-06-09,"ZRH","LHR",208.4,1,1,1,208.4,0,0
"LX316",2016-07-01,2016-06-10,"ZRH","LHR",231.95,1.11300383877159,1.11300383877159,4,208.4,1,1
"LX316",2016-07-01,2016-06-11,"ZRH","LHR",231.48,0.997973701228713,1.11074856046065,3,208.4,-1,1
"LX316",2016-07-01,2016-06-12,"ZRH","LHR",237.4,1.02557456367721,1.13915547024952,5,208.4,1,1
"LX316",2016-07-01,2016-06-13,"ZRH","LHR",237.4,1,1.13915547024952,5,208.4,0,1
"LX316",2016-07-01,2016-06-14,"ZRH","LHR",237.4,1,1.13915547024952,5,208.4,0,1
"LX316",2016-07-01,2016-06-15,"ZRH","LHR",213.3,0.898483572030329,1.02351247600768,2,208.4,-1,1
"LX316",2016-07-01,2016-06-16,"ZRH","LHR",237.4,1.11298640412564,1.13915547024952,5,208.4,1,1
"LX316",2016-07-01,2016-06-17,"ZRH","LHR",237.4,1,1.13915547024952,5,208.4,0,1
"LX316",2016-07-01,2016-06-18,"ZRH","LHR",237.4,1,1.13915547024952,5,208.4,0,1
"LX316",2016-07-01,2016-06-19,"ZRH","LHR",237.4,1,1.13915547024952,5,208.4,0,1
"LX316",2016-07-01,2016-06-20,"ZRH","LHR",237.4,1,1.13915547024952,5,208.4,0,1
"LX316",2016-07-01,2016-06-21,"ZRH","LHR",239.3,1.00800336983993,1.14827255278311,7,208.4,1,1
"LX316",2016-07-01,2016-06-22,"ZRH","LHR",237.98,0.994483911408274,1.14193857965451,6,208.4,-1,1
"LX316",2016-07-01,2016-06-23,"ZRH","LHR",237.4,0.997562820405076,1.13915547024952,5,208.4,-1,1
"LX316",2016-07-01,2016-06-24,"ZRH","LHR",243.3,1.02485256950295,1.16746641074856,8,208.4,1,1
"LX316",2016-07-01,2016-06-25,"ZRH","LHR",256.71,1.05511713933416,1.23181381957774,9,208.4,1,1
"LX316",2016-07-01,2016-06-26,"ZRH","LHR",256.71,1,1.23181381957774,9,208.4,0,1
"LX316",2016-07-01,2016-06-27,"ZRH","LHR",256.71,1,1.23181381957774,9,208.4,0,1
"LX316",2016-07-01,2016-06-28,"ZRH","LHR",256.71,1,1.23181381957774,9,208.4,0,1
"LX316",2016-07-01,2016-06-29,"ZRH","LHR",256.71,1,1.23181381957774,9,208.4,0,1
"LX316",2016-07-01,2016-06-30,"ZRH","LHR",256.71,1,1.23181381957774,9,208.4,0,1
"LX316",2016-07-02,2016-06-04,"ZRH","LHR",237.4,1,1,2,237.4,0,0
"LX316",2016-07-02,2016-06-05,"ZRH","LHR",237.4,1,1,2,237.4,0,0
"LX316",2016-07-02,2016-06-06,"ZRH","LHR",237.4,1,1,2,237.4,0,0
"LX316",2016-07-02,2016-06-07,"ZRH","LHR",237.4,1,1,2,237.4,0,0
"LX316",2016-07-02,2016-06-08,"ZRH","LHR",237.4,1,1,2,237.4,0,0
"LX316",2016-07-02,2016-06-09,"ZRH","LHR",237.4,1,1,2,237.4,0,0
"LX316",2016-07-02,2016-06-10,"ZRH","LHR",237.4,1,1,2,237.4,0,0
"LX316",2016-07-02,2016-06-11,"ZRH","LHR",237.4,1,1,2,237.4,0,0
"LX316",2016-07-02,2016-06-12,"ZRH","LHR",237.4,1,1,2,237.4,0,0
"LX316",2016-07-02,2016-06-13,"ZRH","LHR",237.4,1,1,2,237.4,0,0
"LX316",2016-07-02,2016-06-14,"ZRH","LHR",237.4,1,1,2,237.4,0,0
"LX316",2016-07-02,2016-06-15,"ZRH","LHR",208.4,0.877843302443134,0.877843302443134,1,208.4,-1,-1
"LX316",2016-07-02,2016-06-16,"ZRH","LHR",208.4,1,0.877843302443134,1,208.4,0,-1
"LX316",2016-07-02,2016-06-17,"ZRH","LHR",237.4,1.13915547024952,1,2,208.4,1,0
"LX316",2016-07-02,2016-06-18,"ZRH","LHR",208.4,0.877843302443134,0.877843302443134,1,208.4,-1,-1
"LX316",2016-07-02,2016-06-19,"ZRH","LHR",208.4,1,0.877843302443134,1,208.4,0,-1
"LX316",2016-07-02,2016-06-20,"ZRH","LHR",208.4,1,0.877843302443134,1,208.4,0,-1
"LX316",2016-07-02,2016-06-21,"ZRH","LHR",237.4,1.13915547024952,1,2,208.4,1,0
"LX316",2016-07-02,2016-06-22,"ZRH","LHR",237.4,1,1,2,208.4,0,0
"LX316",2016-07-02,2016-06-23,"ZRH","LHR",237.4,1,1,2,208.4,0,0
"LX316",2016-07-02,2016-06-24,"ZRH","LHR",237.4,1,1,2,208.4,0,0
"LX316",2016-07-02,2016-06-25,"ZRH","LHR",237.4,1,1,2,208.4,0,0
"LX316",2016-07-02,2016-06-26,"ZRH","LHR",237.4,1,1,2,208.4,0,0
"LX316",2016-07-02,2016-06-27,"ZRH","LHR",237.4,1,1,2,208.4,0,0
"LX316",2016-07-02,2016-06-28,"ZRH","LHR",237.4,1,1,2,208.4,0,0
"LX316",2016-07-02,2016-06-29,"ZRH","LHR",237.4,1,1,2,208.4,0,0
"LX316",2016-07-02,2016-06-30,"ZRH","LHR",237.98,1.00244313395114,1.00244313395114,3,208.4,1,1
"LX316",2016-07-02,2016-07-01,"ZRH","LHR",389.48,1.63660811832927,1.64060657118787,4,208.4,1,1
"LX316",2016-07-03,2016-06-05,"ZRH","LHR",237.4,1,1,8,237.4,0,0
"LX316",2016-07-03,2016-06-06,"ZRH","LHR",202.27,0.852021903959562,0.852021903959562,3,202.27,-1,-1
"LX316",2016-07-03,2016-06-07,"ZRH","LHR",179.3,0.88643891827755,0.755265374894693,2,179.3,-1,-1
"LX316",2016-07-03,2016-06-08,"ZRH","LHR",208.4,1.16229782487451,0.877843302443134,4,179.3,1,-1
"LX316",2016-07-03,2016-06-09,"ZRH","LHR",208.4,1,0.877843302443134,4,179.3,0,-1
"LX316",2016-07-03,2016-06-10,"ZRH","LHR",208.9,1.00239923224568,0.879949452401011,5,179.3,1,-1
"LX316",2016-07-03,2016-06-11,"ZRH","LHR",208.4,0.997606510292006,0.877843302443134,4,179.3,-1,-1
"LX316",2016-07-03,2016-06-12,"ZRH","LHR",175.52,0.842226487523992,0.739342881213142,1,175.52,-1,-1
"LX316",2016-07-03,2016-06-13,"ZRH","LHR",175.52,1,0.739342881213142,1,175.52,0,-1
"LX316",2016-07-03,2016-06-14,"ZRH","LHR",208.4,1.1873290793072,0.877843302443134,4,175.52,1,-1
"LX316",2016-07-03,2016-06-15,"ZRH","LHR",208.4,1,0.877843302443134,4,175.52,0,-1
"LX316",2016-07-03,2016-06-16,"ZRH","LHR",208.4,1,0.877843302443134,4,175.52,0,-1
"LX316",2016-07-03,2016-06-17,"ZRH","LHR",208.4,1,0.877843302443134,4,175.52,0,-1
"LX316",2016-07-03,2016-06-18,"ZRH","LHR",208.4,1,0.877843302443134,4,175.52,0,-1
"LX316",2016-07-03,2016-06-19,"ZRH","LHR",208.4,1,0.877843302443134,4,175.52,0,-1
"LX316",2016-07-03,2016-06-20,"ZRH","LHR",208.4,1,0.877843302443134,4,175.52,0,-1
"LX316",2016-07-03,2016-06-21,"ZRH","LHR",239.3,1.14827255278311,1.00800336983993,10,175.52,1,1
"LX316",2016-07-03,2016-06-22,"ZRH","LHR",235.73,0.985081487672378,0.992965459140691,7,175.52,-1,-1
"LX316",2016-07-03,2016-06-23,"ZRH","LHR",237.4,1.0070843761931,1,8,175.52,1,0
"LX316",2016-07-03,2016-06-24,"ZRH","LHR",256.71,1.08133951137321,1.08133951137321,11,175.52,1,1
"LX316",2016-07-03,2016-06-25,"ZRH","LHR",213.3,0.83089867944373,0.898483572030329,6,175.52,-1,-1
"LX316",2016-07-03,2016-06-26,"ZRH","LHR",237.4,1.11298640412564,1,8,175.52,1,0
"LX316",2016-07-03,2016-06-27,"ZRH","LHR",237.4,1,1,8,175.52,0,0
"LX316",2016-07-03,2016-06-28,"ZRH","LHR",237.98,1.00244313395114,1.00244313395114,9,175.52,1,1
"LX316",2016-07-03,2016-06-29,"ZRH","LHR",256.71,1.07870409278091,1.08133951137321,11,175.52,1,1
"LX316",2016-07-03,2016-06-30,"ZRH","LHR",304.01,1.18425460636516,1.28058129738837,12,175.52,1,1
"LX316",2016-07-03,2016-07-01,"ZRH","LHR",322.44,1.06062300582218,1.35821398483572,13,175.52,1,1
"LX316",2016-07-03,2016-07-02,"ZRH","LHR",430.28,1.33444982012157,1.81246840775063,14,175.52,1,1
"LX316",2016-07-04,2016-06-06,"ZRH","LHR",237.4,1,1,3,237.4,0,0
"LX316",2016-07-04,2016-06-07,"ZRH","LHR",237.98,1.00244313395114,1.00244313395114,4,237.4,1,1
"LX316",2016-07-04,2016-06-08,"ZRH","LHR",237.4,0.997562820405076,1,3,237.4,-1,0
"LX316",2016-07-04,2016-06-09,"ZRH","LHR",237.4,1,1,3,237.4,0,0
"LX316",2016-07-04,2016-06-10,"ZRH","LHR",237.4,1,1,3,237.4,0,0
"LX316",2016-07-04,2016-06-11,"ZRH","LHR",237.4,1,1,3,237.4,0,0
"LX316",2016-07-04,2016-06-12,"ZRH","LHR",237.4,1,1,3,237.4,0,0
"LX316",2016-07-04,2016-06-13,"ZRH","LHR",237.4,1,1,3,237.4,0,0
"LX316",2016-07-04,2016-06-14,"ZRH","LHR",237.4,1,1,3,237.4,0,0
"LX316",2016-07-04,2016-06-15,"ZRH","LHR",237.4,1,1,3,237.4,0,0
"LX316",2016-07-04,2016-06-16,"ZRH","LHR",237.4,1,1,3,237.4,0,0
"LX316",2016-07-04,2016-06-17,"ZRH","LHR",237.4,1,1,3,237.4,0,0
"LX316",2016-07-04,2016-06-18,"ZRH","LHR",243.3,1.02485256950295,1.02485256950295,5,237.4,1,1
"LX316",2016-07-04,2016-06-19,"ZRH","LHR",237.4,0.975750102753802,1,3,237.4,-1,0
"LX316",2016-07-04,2016-06-20,"ZRH","LHR",208.9,0.879949452401011,0.879949452401011,1,208.9,-1,-1
"LX316",2016-07-04,2016-06-21,"ZRH","LHR",223.11,1.0680229775012,0.939806234203875,2,208.9,1,-1
"LX316",2016-07-04,2016-06-22,"ZRH","LHR",237.4,1.06404912375062,1,3,208.9,1,0
"LX316",2016-07-04,2016-06-23,"ZRH","LHR",237.4,1,1,3,208.9,0,0
"LX316",2016-07-04,2016-06-24,"ZRH","LHR",237.4,1,1,3,208.9,0,0
"LX316",2016-07-04,2016-06-25,"ZRH","LHR",237.4,1,1,3,208.9,0,0
"LX316",2016-07-04,2016-06-26,"ZRH","LHR",237.4,1,1,3,208.9,0,0
"LX316",2016-07-04,2016-06-27,"ZRH","LHR",208.9,0.879949452401011,0.879949452401011,1,208.9,-1,-1
"LX316",2016-07-04,2016-06-28,"ZRH","LHR",208.9,1,0.879949452401011,1,208.9,0,-1
"LX316",2016-07-04,2016-06-29,"ZRH","LHR",237.4,1.13642891335567,1,3,208.9,1,0
"LX316",2016-07-04,2016-06-30,"ZRH","LHR",256.71,1.08133951137321,1.08133951137321,6,208.9,1,1
"LX316",2016-07-04,2016-07-01,"ZRH","LHR",362.84,1.41342370768572,1.52839090143218,7,208.9,1,1
"LX316",2016-07-04,2016-07-02,"ZRH","LHR",362.84,1,1.52839090143218,7,208.9,0,1
"LX316",2016-07-04,2016-07-03,"ZRH","LHR",362.84,1,1.52839090143218,7,208.9,0,1
"LX316",2016-07-05,2016-06-07,"ZRH","LHR",237.4,1,1,8,237.4,0,0
"LX316",2016-07-05,2016-06-08,"ZRH","LHR",213.3,0.898483572030329,0.898483572030329,5,213.3,-1,-1
"LX316",2016-07-05,2016-06-09,"ZRH","LHR",237.4,1.11298640412564,1,8,213.3,1,0
"LX316",2016-07-05,2016-06-10,"ZRH","LHR",237.4,1,1,8,213.3,0,0
"LX316",2016-07-05,2016-06-11,"ZRH","LHR",237.4,1,1,8,213.3,0,0
"LX316",2016-07-05,2016-06-12,"ZRH","LHR",237.4,1,1,8,213.3,0,0
"LX316",2016-07-05,2016-06-13,"ZRH","LHR",237.4,1,1,8,213.3,0,0
"LX316",2016-07-05,2016-06-14,"ZRH","LHR",208.4,0.877843302443134,0.877843302443134,4,208.4,-1,-1
"LX316",2016-07-05,2016-06-15,"ZRH","LHR",208.4,1,0.877843302443134,4,208.4,0,-1
"LX316",2016-07-05,2016-06-16,"ZRH","LHR",208.4,1,0.877843302443134,4,208.4,0,-1
"LX316",2016-07-05,2016-06-17,"ZRH","LHR",208.4,1,0.877843302443134,4,208.4,0,-1
"LX316",2016-07-05,2016-06-18,"ZRH","LHR",208.4,1,0.877843302443134,4,208.4,0,-1
"LX316",2016-07-05,2016-06-19,"ZRH","LHR",208.4,1,0.877843302443134,4,208.4,0,-1
"LX316",2016-07-05,2016-06-20,"ZRH","LHR",208.4,1,0.877843302443134,4,208.4,0,-1
"LX316",2016-07-05,2016-06-21,"ZRH","LHR",213.3,1.02351247600768,0.898483572030329,5,208.4,1,-1
"LX316",2016-07-05,2016-06-22,"ZRH","LHR",213.3,1,0.898483572030329,5,208.4,0,-1
"LX316",2016-07-05,2016-06-23,"ZRH","LHR",224.43,1.0521800281294,0.945366470092671,6,208.4,1,-1
"LX316",2016-07-05,2016-06-24,"ZRH","LHR",213.3,0.950407699505414,0.898483572030329,5,208.4,-1,-1
"LX316",2016-07-05,2016-06-25,"ZRH","LHR",213.3,1,0.898483572030329,5,208.4,0,-1
"LX316",2016-07-05,2016-06-26,"ZRH","LHR",213.3,1,0.898483572030329,5,208.4,0,-1
"LX316",2016-07-05,2016-06-27,"ZRH","LHR",175.92,0.824753867791842,0.741027801179444,1,175.92,-1,-1
"LX316",2016-07-05,2016-06-28,"ZRH","LHR",195,1.10845839017735,0.82139848357203,3,175.92,1,-1
"LX316",2016-07-05,2016-06-29,"ZRH","LHR",179.3,0.91948717948718,0.755265374894693,2,175.92,-1,-1
"LX316",2016-07-05,2016-06-30,"ZRH","LHR",208.4,1.16229782487451,0.877843302443134,4,175.92,1,-1
"LX316",2016-07-05,2016-07-01,"ZRH","LHR",231.8,1.11228406909789,0.976411120471778,7,175.92,1,-1
"LX316",2016-07-05,2016-07-02,"ZRH","LHR",237.4,1.02415875754961,1,8,175.92,1,0
"LX316",2016-07-05,2016-07-03,"ZRH","LHR",256.71,1.08133951137321,1.08133951137321,9,175.92,1,1
"LX316",2016-07-05,2016-07-04,"ZRH","LHR",256.71,1,1.08133951137321,9,175.92,0,1
"LX316",2016-07-06,2016-06-08,"ZRH","LHR",152.28,1,1,1,152.28,0,0
"LX316",2016-07-06,2016-06-09,"ZRH","LHR",152.28,1,1,1,152.28,0,0
"LX316",2016-07-06,2016-06-10,"ZRH","LHR",152.28,1,1,1,152.28,0,0
"LX316",2016-07-06,2016-06-11,"ZRH","LHR",152.28,1,1,1,152.28,0,0
"LX316",2016-07-06,2016-06-12,"ZRH","LHR",155.3,1.01983188862621,1.01983188862621,2,152.28,1,1
"LX316",2016-07-06,2016-06-13,"ZRH","LHR",175.52,1.130199613651,1.15261360651432,4,152.28,1,1
"LX316",2016-07-06,2016-06-14,"ZRH","LHR",155.3,0.884799453053783,1.01983188862621,2,152.28,-1,1
"LX316",2016-07-06,2016-06-15,"ZRH","LHR",155.3,1,1.01983188862621,2,152.28,0,1
"LX316",2016-07-06,2016-06-16,"ZRH","LHR",155.3,1,1.01983188862621,2,152.28,0,1
"LX316",2016-07-06,2016-06-17,"ZRH","LHR",155.3,1,1.01983188862621,2,152.28,0,1
"LX316",2016-07-06,2016-06-18,"ZRH","LHR",164.23,1.05750160978751,1.07847386393486,3,152.28,1,1
"LX316",2016-07-06,2016-06-19,"ZRH","LHR",175.52,1.06874505267004,1.15261360651432,4,152.28,1,1
"LX316",2016-07-06,2016-06-20,"ZRH","LHR",175.52,1,1.15261360651432,4,152.28,0,1
"LX316",2016-07-06,2016-06-21,"ZRH","LHR",155.3,0.884799453053783,1.01983188862621,2,152.28,-1,1
"LX316",2016-07-06,2016-06-22,"ZRH","LHR",175.52,1.130199613651,1.15261360651432,4,152.28,1,1
"LX316",2016-07-06,2016-06-23,"ZRH","LHR",175.52,1,1.15261360651432,4,152.28,0,1
"LX316",2016-07-06,2016-06-24,"ZRH","LHR",175.52,1,1.15261360651432,4,152.28,0,1
"LX316",2016-07-06,2016-06-25,"ZRH","LHR",175.52,1,1.15261360651432,4,152.28,0,1
"LX316",2016-07-06,2016-06-26,"ZRH","LHR",175.52,1,1.15261360651432,4,152.28,0,1
"LX316",2016-07-06,2016-06-27,"ZRH","LHR",175.52,1,1.15261360651432,4,152.28,0,1
"LX316",2016-07-06,2016-06-28,"ZRH","LHR",175.52,1,1.15261360651432,4,152.28,0,1
"LX316",2016-07-06,2016-06-29,"ZRH","LHR",195,1.11098450319052,1.28053585500394,5,152.28,1,1
"LX316",2016-07-06,2016-06-30,"ZRH","LHR",208.4,1.06871794871795,1.3685316522196,6,152.28,1,1
"LX316",2016-07-06,2016-07-01,"ZRH","LHR",231.8,1.11228406909789,1.52219595482007,8,152.28,1,1
"LX316",2016-07-06,2016-07-02,"ZRH","LHR",213.3,0.920189818809318,1.40070921985816,7,152.28,-1,1
"LX316",2016-07-06,2016-07-03,"ZRH","LHR",237.4,1.11298640412564,1.55897031783557,9,152.28,1,1
"LX316",2016-07-06,2016-07-04,"ZRH","LHR",249.26,1.04995787700084,1.63685316522196,10,152.28,1,1
"LX316",2016-07-06,2016-07-05,"ZRH","LHR",256.71,1.02988846987082,1.68577620173365,11,152.28,1,1
